,Survived,Age,SibSp,Parch,Fare_scaled,Pclass_2,Pclass_3,Sex_male,Embarked_Q,Embarked_S
0,0,-0.5834320458363182,1,0,-0.8797405693934278,0,1,1,0,1
1,1,0.6390381832543179,1,0,1.3612199269233833,0,0,0,0,0
2,1,-0.2778144885636592,0,0,-0.798539974052802,0,1,0,0,1
3,1,0.4098250152998237,1,0,1.0620380556287106,0,0,0,0,1
4,0,0.4098250152998237,0,0,-0.7841792430073967,0,1,1,0,1
5,0,0.00481433627591648,0,0,-0.7386163019798164,0,1,1,1,0
6,0,1.8615084123449541,0,0,1.038145562232327,0,0,1,0,1
7,0,-2.1115198321996136,3,1,0.1364991380659541,0,1,1,0,1
8,1,-0.20141009924549444,0,2,-0.48145578049281335,0,1,0,0,1
9,1,-1.1946671603816363,1,0,0.4894379098126231,1,0,0,0,0
10,1,-1.958711053563284,1,1,-0.09156500424402261,0,1,0,0,1
11,1,2.1671259696176133,0,0,0.36526093570402607,0,0,0,0,1
12,0,-0.7362408244726478,0,0,-0.7841792430073967,0,1,1,0,1
13,0,0.7154425725724827,1,5,0.5286989276421437,0,1,1,0,1
14,0,-1.1946671603816363,0,0,-0.806763380796033,0,1,0,0,1
15,1,1.9379128016631189,0,0,-0.13322852057373055,1,0,0,0,1
16,0,-2.1115198321996136,4,1,0.457519539438721,0,1,1,1,0
17,1,0.00481433627591648,0,0,-0.3336984726090336,1,0,1,0,1
18,0,0.1042074580271646,1,0,-0.01838583697289204,0,1,0,0,1
19,1,0.00481433627591648,0,0,-0.8828741679067217,0,1,0,0,0
20,0,0.4098250152998237,0,0,0.3444394801955362,1,0,1,0,1
21,1,0.3334206259816589,0,0,-0.3336984726090336,1,0,1,0,1
22,1,-1.1182627710634716,0,0,-0.7865550587251358,0,1,0,1,0
23,1,-0.12500570992732968,0,0,0.6557188297748954,0,0,1,0,1
24,0,-1.653093496290625,3,1,0.1364991380659541,0,1,0,0,1
25,1,0.6390381832543179,1,5,0.5322916934007406,0,1,0,0,1
26,0,0.00481433627591648,0,0,-0.8828741679067217,0,1,1,0,0
27,0,-0.8126452137908126,3,2,2.6987007794454887,0,0,1,0,1
28,1,0.00481433627591648,0,0,-0.8038521494426432,0,1,0,1,0
29,0,0.00481433627591648,0,0,-0.8019236166026618,0,1,1,0,1
30,0,0.7918469618906475,0,0,0.4082334475616762,0,0,1,0,0
31,1,0.00481433627591648,1,0,2.097794920021772,0,0,0,0,0
32,1,0.00481433627591648,0,0,-0.8189865811572414,0,1,0,1,0
33,0,2.778361084162931,0,0,-0.5368057694182641,1,0,1,0,1
34,0,-0.12500570992732968,1,0,1.5060857797883969,0,0,1,0,0
35,0,0.944655740526977,1,0,1.0408277503255374,0,0,1,0,1
36,1,0.00481433627591648,0,0,-0.8823470582632056,0,1,1,0,0
37,0,-0.659836435154483,0,0,-0.7841792430073967,0,1,1,0,1
38,0,-0.8890496031089773,2,0,-0.01838583697289204,0,1,0,0,1
39,1,-1.1946671603816363,1,0,-0.47227211715402734,0,1,0,0,0
40,0,0.7918469618906475,1,0,-0.6331972544104215,0,1,0,0,1
41,0,-0.20141009924549444,1,0,0.1329851701219792,1,0,0,0,1
42,0,0.00481433627591648,0,0,-0.8019236166026618,0,1,1,0,0
43,1,-2.0351154428814486,1,2,0.8147822510349934,1,0,0,0,0
44,1,-0.8126452137908126,0,0,-0.8038521494426432,0,1,0,1,0
45,0,0.00481433627591648,0,0,-0.7841792430073967,0,1,1,0,1
46,0,0.00481433627591648,1,0,-0.16405229962564447,0,1,1,1,0
47,1,0.00481433627591648,0,0,-0.8189865811572414,0,1,0,1,0
48,0,0.00481433627591648,2,0,0.16437971416667366,0,1,1,0,0
49,0,-0.8890496031089773,1,0,-0.029312075627065143,0,1,0,0,1
50,0,-1.7294978856087897,4,1,0.7678594338107121,0,1,1,0,1
51,0,-0.659836435154483,0,0,-0.8131032608653792,0,1,1,0,1
52,1,1.4794864657541302,1,0,1.4362199751817062,0,0,0,0,0
53,1,-0.048601320609164916,1,0,0.3444394801955362,1,0,0,0,1
54,0,2.7019566948447666,0,1,1.2189504454470093,0,0,1,0,0
55,1,0.00481433627591648,0,0,0.6557188297748954,0,0,1,0,1
56,1,-0.659836435154483,0,0,-0.5368057694182641,1,0,0,0,1
57,0,-0.0868035152682473,0,0,-0.8823470582632056,0,1,1,0,0
58,1,-1.8823066642451192,1,2,0.40928266156909443,1,0,0,0,1
59,0,-1.4238803283361305,5,2,0.936361092700485,0,1,1,0,1
60,0,-0.5834320458363182,0,0,-0.8823470582632056,0,1,1,0,0
61,1,0.6390381832543179,0,0,1.4787785499834798,0,0,0,0,1
62,0,1.1738689084814713,1,0,1.5221510751129648,0,0,1,0,1
63,0,-1.958711053563284,3,2,0.4146557174979072,0,1,1,0,1
64,0,0.00481433627591648,0,0,0.4082334475616762,0,0,1,0,0
65,1,0.00481433627591648,1,1,-0.1800831698720664,0,1,1,0,0
66,1,-0.048601320609164916,0,0,-0.5368057694182641,1,0,0,0,1
67,0,-0.8126452137908126,0,0,-0.7718965778779472,0,1,1,0,1
68,1,-0.965453992427142,4,2,-0.798539974052802,0,1,0,0,1
69,0,-0.2778144885636592,2,0,-0.7165619336211217,0,1,1,0,1
70,0,0.18061184734532937,0,0,-0.5368057694182641,1,0,1,0,1
71,0,-1.0418583817453069,5,2,0.936361092700485,0,1,0,0,1
72,0,-0.659836435154483,0,0,1.3924082286355355,1,0,1,0,1
73,0,-0.2778144885636592,1,0,-0.23166125968823223,0,1,1,0,0
74,1,0.18061184734532937,0,0,1.1248955097361604,0,1,1,0,1
75,0,-0.354218877881824,0,0,-0.830854756854953,0,1,1,0,1
76,0,0.00481433627591648,0,0,-0.8019236166026618,0,1,1,0,1
77,0,0.00481433627591648,0,0,-0.7841792430073967,0,1,1,0,1
78,1,-2.2009129677018664,0,2,0.4532263111425748,1,0,1,0,1
79,1,0.02780306870899985,0,0,-0.37316263612134226,0,1,0,0,1
80,0,-0.5834320458363182,0,0,-0.6811127586453682,0,1,1,0,1
81,1,-0.048601320609164916,0,0,-0.6307359423566569,0,1,1,0,1
82,1,0.00481433627591648,0,0,-0.8145709511162281,0,1,0,1,0
83,0,-0.12500570992732968,0,0,0.940663265248102,0,0,1,0,1
84,1,-0.965453992427142,0,0,-0.5368057694182641,1,0,0,0,1
85,1,0.25701623666349416,3,0,-0.1423794216910609,0,1,0,0,1
86,0,-1.0418583817453069,1,3,0.6233938271906204,0,1,1,0,1
87,0,0.00481433627591648,0,0,-0.7841792430073967,0,1,1,0,1
88,1,-0.5070276565181535,3,2,2.6987007794454887,0,0,0,0,1
89,0,-0.4306232671999887,0,0,-0.7841792430073967,0,1,1,0,1
90,0,-0.048601320609164916,0,0,-0.7841792430073967,0,1,1,0,1
91,0,-0.7362408244726478,0,0,-0.806763380796033,0,1,1,0,1
92,0,1.250273297799636,1,0,1.2056809915054134,0,0,1,0,1
93,0,-0.2778144885636592,1,2,0.11284358066326507,0,1,1,0,1
94,0,2.243530358935778,0,0,-0.8797405693934278,0,1,1,0,1
95,0,0.00481433627591648,0,0,-0.7841792430073967,0,1,1,0,1
96,0,3.160383030753755,0,0,0.6315110816648204,0,0,1,0,0
97,1,-0.5070276565181535,0,1,1.241316266924983,0,0,1,0,0
98,1,0.3334206259816589,0,1,0.2228261499229997,1,0,0,0,1
99,0,0.3334206259816589,1,0,0.3444394801955362,1,0,1,0,1
100,0,-0.12500570992732968,0,0,-0.8019236166026618,0,1,0,0,1
101,0,0.00481433627591648,0,0,-0.8019236166026618,0,1,1,0,1
102,0,-0.659836435154483,0,1,1.443609675522841,0,0,1,0,1
103,0,0.25701623666349416,0,0,-0.7174492400289059,0,1,1,0,1
104,0,0.5626337939361532,2,0,-0.798539974052802,0,1,1,0,1
105,0,-0.12500570992732968,0,0,-0.8019236166026618,0,1,1,0,1
106,1,-0.659836435154483,0,0,-0.830854756854953,0,1,0,0,1
107,1,0.00481433627591648,0,0,-0.8160407306065733,0,1,1,0,1
108,0,0.6390381832543179,0,0,-0.8019236166026618,0,1,1,0,1
109,1,0.00481433627591648,1,0,0.2711522804976662,0,1,0,1,0
110,0,1.3266776871178008,0,0,1.0408277503255374,0,0,1,0,1
111,0,-1.1564649657225539,1,0,-0.23166125968823223,0,1,0,0,0
112,0,-0.5834320458363182,0,0,-0.7841792430073967,0,1,1,0,1
113,0,-0.7362408244726478,1,0,-0.5992616204389827,0,1,0,0,1
114,0,-0.965453992427142,0,0,-0.23138736843472296,0,1,0,0,0
115,0,-0.659836435154483,0,0,-0.798539974052802,0,1,1,0,1
116,0,3.122180836094673,0,0,-0.8189865811572414,0,1,1,1,0
117,0,-0.048601320609164916,1,0,0.1329851701219792,1,0,1,0,1
118,0,-0.4306232671999887,0,1,2.6363132839087284,0,0,1,0,0
119,0,-2.1115198321996136,4,2,0.5286989276421437,0,1,0,0,1
120,0,-0.659836435154483,2,0,1.3924082286355355,1,0,1,0,1
121,0,0.00481433627591648,0,0,-0.7841792430073967,0,1,1,0,1
122,0,0.21881404200441176,1,0,0.4894379098126231,1,0,1,0,0
123,1,0.21881404200441176,0,0,-0.3336984726090336,1,0,0,0,1
124,0,1.8615084123449541,0,1,1.443609675522841,0,0,1,0,1
125,1,-1.3474759390179658,1,0,-0.47227211715402734,0,1,1,0,0
126,0,0.00481433627591648,0,0,-0.8189865811572414,0,1,1,1,0
127,1,-0.4306232671999887,0,0,-0.8933844909173265,0,1,1,0,1
128,1,0.00481433627591648,1,1,0.19484336402527688,0,1,0,0,0
129,0,1.1738689084814713,0,0,-0.9147445967366699,0,1,1,0,1
130,0,0.25701623666349416,0,0,-0.8019236166026618,0,1,1,0,0
131,0,-0.7362408244726478,0,0,-0.9050797531497118,0,1,1,0,1
132,0,1.3266776871178008,1,0,-0.2286058134653583,0,1,0,0,1
133,1,-0.048601320609164916,1,0,0.3444394801955362,1,0,0,0,1
134,0,-0.354218877881824,0,0,-0.3336984726090336,1,0,1,0,1
135,0,-0.5070276565181535,0,0,-0.19287328396337328,1,0,1,0,0
136,1,-0.8126452137908126,0,2,0.3552168481314282,0,0,0,0,1
137,0,0.5626337939361532,1,0,1.0620380556287106,0,0,1,0,1
138,0,-1.0418583817453069,0,0,-0.6589770356240848,0,1,1,0,1
139,0,-0.4306232671999887,0,0,1.4685301291949246,0,0,1,0,0
140,0,0.00481433627591648,0,2,-0.1800831698720664,0,1,0,0,0
141,1,-0.5834320458363182,0,0,-0.8189865811572414,0,1,0,0,1
142,1,-0.4306232671999887,1,0,-0.1423794216910609,0,1,0,0,1
143,0,-0.8126452137908126,0,0,-0.9442940832331417,0,1,1,1,0
144,0,-0.8890496031089773,0,0,-0.4507125974257932,1,0,1,0,1
145,0,-0.8126452137908126,1,1,0.6904870950626278,1,0,1,0,1
146,1,-0.20141009924549444,0,0,-0.8135961720983267,0,1,1,0,1
147,0,-1.5766891069724602,2,2,0.6233938271906204,0,1,0,0,1
148,0,0.5244315992770708,0,2,0.3444394801955362,1,0,1,0,1
149,0,0.944655740526977,0,0,-0.3336984726090336,1,0,1,0,1
150,0,1.63229524439046,0,0,-0.3693384839068557,1,0,1,0,1
151,1,-0.5834320458363182,1,0,1.2920564383571118,0,0,0,0,1
152,0,1.9761149963222013,0,0,-0.7841792430073967,0,1,1,0,1
153,0,0.8300491565497299,0,2,-0.2286058134653583,0,1,1,0,1
154,0,0.00481433627591648,0,0,-0.8719479292525482,0,1,1,0,1
155,0,1.63229524439046,0,1,1.2090665177433995,0,0,1,0,0
156,1,-1.0418583817453069,0,0,-0.8209591021193487,0,1,0,1,0
157,0,0.02780306870899985,0,0,-0.7841792430073967,0,1,1,0,1
158,0,0.00481433627591648,0,0,-0.7165619336211217,0,1,1,0,1
159,0,0.00481433627591648,8,2,1.3361591794576348,0,1,1,0,1
160,0,1.0974645191633066,0,1,-0.12717266791993012,0,1,1,0,1
161,1,0.7918469618906475,0,0,-0.1485253917280838,1,0,0,0,1
162,0,-0.2778144885636592,0,0,-0.8160407306065733,0,1,1,0,1
163,0,-0.965453992427142,0,0,-0.7165619336211217,0,1,1,0,1
164,0,-2.187924221517778,4,1,0.7678594338107121,0,1,1,0,1
165,1,-1.5766891069724602,0,2,0.11044794172866994,0,1,1,0,1
166,1,0.00481433627591648,0,1,1.0976780669265336,0,0,0,0,1
167,0,1.1738689084814713,1,4,0.4146557174979072,0,1,0,0,1
168,0,0.00481433627591648,0,0,0.34156737843370105,0,0,1,0,1
169,0,-0.12500570992732968,0,0,1.1248955097361604,0,1,1,0,1
170,0,2.3963391375721077,0,0,0.5975333003696796,0,0,1,0,1
171,0,-1.958711053563284,4,1,0.457519539438721,0,1,1,1,0
172,1,-2.187924221517778,1,1,-0.48145578049281335,0,1,0,0,1
173,0,-0.659836435154483,0,0,-0.798539974052802,0,1,1,0,1
174,0,2.014317190981284,0,0,0.5100012756239033,0,0,1,0,0
175,0,-0.8890496031089773,1,1,-0.806763380796033,0,1,1,0,1
176,0,0.00481433627591648,3,1,0.32384119624754826,0,1,1,0,1
177,0,1.5558908550722952,0,0,0.4432836100273541,0,0,0,0,0
178,0,0.02780306870899985,0,0,-0.3336984726090336,1,0,1,0,1
180,0,0.00481433627591648,8,2,1.3361591794576348,0,1,0,0,1
181,0,0.00481433627591648,0,0,-0.19260305647698941,1,0,1,0,0
182,0,-1.5766891069724602,4,2,0.5322916934007406,0,1,1,0,1
183,1,-2.187924221517778,2,1,0.750263780890198,1,0,1,0,1
184,1,-1.958711053563284,0,2,0.1800041951014629,0,1,0,0,1
185,0,0.00481433627591648,0,0,1.0011105492142125,0,0,1,0,1
186,1,0.00481433627591648,1,0,-0.16405229962564447,0,1,0,1,0
187,1,1.1738689084814713,0,0,0.36526093570402607,0,0,1,0,1
188,0,0.7918469618906475,1,1,-0.16405229962564447,0,1,1,1,0
189,0,0.4862294046179884,0,0,-0.8019236166026618,0,1,1,0,1
190,1,0.18061184734532937,0,0,-0.3336984726090336,1,0,0,0,1
191,0,-0.8126452137908126,0,0,-0.3336984726090336,1,0,1,0,1
192,1,-0.8126452137908126,1,0,-0.806763380796033,0,1,0,0,1
193,1,-2.0351154428814486,1,1,0.3444394801955362,1,0,1,0,1
194,1,1.0974645191633066,0,0,0.4082334475616762,0,0,0,0,0
195,1,2.1671259696176133,0,0,2.097794920021772,0,0,0,0,0
196,0,0.00481433627591648,0,0,-0.8189865811572414,0,1,1,1,0
197,0,0.944655740526977,0,1,-0.7445391097425897,0,1,1,0,1
198,1,0.00481433627591648,0,0,-0.8189865811572414,0,1,0,1,0
199,0,-0.4306232671999887,0,0,-0.3336984726090336,1,0,0,0,1
200,0,-0.12500570992732968,0,0,-0.6307359423566569,0,1,1,0,1
201,0,0.00481433627591648,8,2,1.3361591794576348,0,1,1,0,1
202,0,0.3334206259816589,0,0,-0.9787286015064478,0,1,1,0,1
203,0,1.2120711031405538,0,0,-0.8828741679067217,0,1,1,0,0
204,1,-0.8890496031089773,0,0,-0.7841792430073967,0,1,1,0,1
205,0,-2.1115198321996136,0,1,-0.5401781836878246,0,1,0,0,1
206,0,0.18061184734532937,1,0,-0.1423794216910609,0,1,1,0,1
207,1,-0.2778144885636592,0,0,0.023546289947323752,0,1,1,0,0
208,1,-1.0418583817453069,0,0,-0.8189865811572414,0,1,0,1,0
209,1,0.7918469618906475,0,0,0.5198636196706229,0,0,1,0,0
210,0,-0.4306232671999887,0,0,-0.9050797531497118,0,1,1,0,1
211,1,0.4098250152998237,0,0,0.1329851701219792,1,0,0,0,1
212,0,-0.5834320458363182,0,0,-0.8797405693934278,0,1,1,0,1
213,0,0.02780306870899985,0,0,-0.3336984726090336,1,0,1,0,1
214,0,0.00481433627591648,1,0,-0.8189865811572414,0,1,1,1,0
215,1,0.1042074580271646,1,0,1.834129231109428,0,0,0,0,0
216,1,-0.20141009924549444,0,0,-0.798539974052802,0,1,0,0,1
217,0,0.944655740526977,1,0,0.3819897971587497,1,0,1,0,1
218,1,0.18061184734532937,0,0,1.4303920040723752,0,0,0,0,0
219,0,0.02780306870899985,0,0,-0.5368057694182641,1,0,1,0,1
220,1,-1.0418583817453069,0,0,-0.7841792430073967,0,1,1,0,1
221,0,-0.20141009924549444,0,0,-0.3336984726090336,1,0,1,0,1
222,0,1.63229524439046,0,0,-0.7841792430073967,0,1,1,0,1
223,0,0.00481433627591648,0,0,-0.8019236166026618,0,1,1,0,1
224,1,0.6390381832543179,1,0,1.5989745568795648,0,0,1,0,1
225,0,-0.5834320458363182,0,0,-0.6455926003653025,0,1,1,0,1
226,1,-0.8126452137908126,0,0,-0.5368057694182641,1,0,1,0,1
227,0,-0.6980386298135653,0,0,-0.8797405693934278,0,1,1,0,1
228,0,-0.8890496031089773,0,0,-0.3336984726090336,1,0,1,0,1
229,0,0.00481433627591648,3,1,0.32384119624754826,0,1,0,0,1
230,1,0.4098250152998237,1,0,1.5221510751129648,0,0,0,0,1
231,0,-0.048601320609164916,0,0,-0.8160407306065733,0,1,1,0,1
232,0,2.243530358935778,0,0,-0.29746598596845064,1,0,1,0,1
233,1,-1.8823066642451192,4,2,0.5322916934007406,0,1,0,0,1
234,0,-0.4306232671999887,0,0,-0.5368057694182641,1,0,1,0,1
235,0,0.00481433627591648,0,0,-0.8428609376877135,0,1,0,0,1
236,0,1.0974645191633066,1,0,0.3444394801955362,1,0,1,0,1
237,1,-1.653093496290625,0,2,0.35395586016517094,1,0,0,0,1
238,0,-0.8126452137908126,0,0,-0.5368057694182641,1,0,1,0,1
239,0,0.25701623666349416,0,0,-0.3886024739916458,1,0,1,0,1
240,0,0.00481433627591648,1,0,-0.23166125968823223,0,1,0,0,0
241,1,0.00481433627591648,1,0,-0.16405229962564447,0,1,0,1,0
242,0,-0.048601320609164916,0,0,-0.5368057694182641,1,0,1,0,1
243,0,-0.5834320458363182,0,0,-0.8955045384601199,0,1,1,0,1
244,0,0.02780306870899985,0,0,-0.8828741679067217,0,1,1,0,0
245,0,1.0974645191633066,2,0,1.5989745568795648,0,0,1,1,0
246,0,-0.354218877881824,0,0,-0.8160407306065733,0,1,0,0,1
247,1,-0.4306232671999887,0,2,-0.2286058134653583,1,0,0,0,1
248,1,0.5626337939361532,1,1,1.0515683442816504,0,0,1,0,1
249,0,1.8615084123449541,1,0,0.3444394801955362,1,0,1,0,1
250,0,0.00481433627591648,0,0,-0.8797405693934278,0,1,1,0,1
251,0,-0.048601320609164916,1,1,-0.5401781836878246,0,1,0,0,1
252,0,2.472743526890272,0,0,0.36526093570402607,0,0,1,0,1
253,0,0.02780306870899985,1,0,-0.12717266791993012,0,1,1,0,1
254,0,0.8682513512088122,0,2,0.09534793704965058,0,1,0,0,1
255,1,-0.048601320609164916,0,2,-0.1800831698720664,0,1,0,0,0
256,1,0.00481433627591648,0,0,1.4685301291949246,0,0,0,0,0
257,1,0.02780306870899985,0,0,1.5584783893656837,0,0,0,0,1
259,1,1.5558908550722952,0,1,0.3444394801955362,1,0,0,0,1
260,0,0.00481433627591648,0,0,-0.8189865811572414,0,1,1,1,0
261,1,-2.0351154428814486,4,2,0.5322916934007406,0,1,1,0,1
262,0,1.7086996337086247,1,1,1.4743073772537167,0,0,1,0,1
264,0,0.00481433627591648,0,0,-0.8189865811572414,0,1,0,1,0
265,0,0.4862294046179884,0,0,-0.5368057694182641,1,0,1,0,1
266,0,-1.0418583817453069,4,1,0.7678594338107121,0,1,1,0,1
267,1,-0.354218877881824,1,0,-0.8160407306065733,0,1,1,0,1
268,1,2.1671259696176133,0,1,2.14527242190355,0,0,0,0,1
269,1,0.4098250152998237,0,0,2.0186331792044068,0,0,0,0,1
270,0,0.00481433627591648,0,0,0.5198636196706229,0,0,1,0,1
272,1,0.8682513512088122,0,1,0.06007112543995847,1,0,0,0,1
273,0,0.5626337939361532,0,1,0.4770416648490861,0,0,1,0,0
274,1,0.00481433627591648,0,0,-0.8189865811572414,0,1,0,1,0
275,1,2.549147916208437,1,0,1.452419049919151,0,0,0,0,1
276,0,1.1738689084814713,0,0,-0.8189865811572414,0,1,0,0,1
278,0,-1.7294978856087897,4,1,0.457519539438721,0,1,1,1,0
279,1,0.4098250152998237,1,1,0.0971716406458445,0,1,0,0,1
280,0,2.7019566948447666,0,0,-0.8189865811572414,0,1,1,1,0
281,0,-0.12500570992732968,0,0,-0.806763380796033,0,1,1,0,1
282,0,-1.0418583817453069,0,0,-0.6307359423566569,0,1,1,0,1
283,1,-0.8126452137908126,0,0,-0.7841792430073967,0,1,1,0,1
284,0,0.00481433627591648,0,0,0.3444394801955362,0,0,1,0,1
285,0,0.25701623666349416,0,0,-0.7165619336211217,0,1,1,0,0
286,1,0.02780306870899985,0,0,-0.6307359423566569,0,1,1,0,1
287,0,-0.5834320458363182,0,0,-0.8019236166026618,0,1,1,0,1
288,1,0.944655740526977,0,0,-0.3336984726090336,1,0,1,0,1
289,1,-0.5834320458363182,0,0,-0.8189865811572414,0,1,0,1,0
290,1,-0.2778144885636592,0,0,1.464014258564117,0,0,0,0,1
291,1,-0.8126452137908126,1,0,1.6111475224786775,0,0,0,0,0
292,0,0.4862294046179884,0,0,-0.3429588030007618,1,0,1,0,0
293,0,-0.4306232671999887,0,0,-0.6967178907118832,0,1,0,0,1
294,0,-0.4306232671999887,0,0,-0.8019236166026618,0,1,1,0,1
295,0,0.00481433627591648,0,0,0.4082334475616762,0,0,1,0,0
296,0,-0.4688254618590711,0,0,-0.8823470582632056,0,1,1,0,0
297,0,-2.1115198321996136,1,2,2.132408321022389,0,0,0,0,1
298,1,0.00481433627591648,0,0,0.5036031274312862,0,0,1,0,1
299,1,1.5558908550722952,0,1,2.6363132839087284,0,0,0,0,0
300,1,0.00481433627591648,0,0,-0.8189865811572414,0,1,0,1,0
301,1,0.00481433627591648,2,0,0.23352593393921808,0,1,1,1,0
303,1,0.00481433627591648,0,0,-0.38278544498532663,1,0,0,1,0
304,0,0.00481433627591648,0,0,-0.7841792430073967,0,1,1,0,1
305,1,-2.194036572663231,1,2,2.132408321022389,0,0,1,0,1
306,1,0.00481433627591648,0,0,1.812289926928167,0,0,0,0,0
307,1,-0.965453992427142,1,0,1.7938227894866787,0,0,0,0,0
308,0,0.02780306870899985,1,0,0.26497567234198965,1,0,1,0,0
309,1,0.02780306870899985,0,0,1.1326493972880125,0,0,0,0,0
310,1,-0.4306232671999887,0,0,1.5182728441543658,0,0,0,0,0
311,1,-0.8890496031089773,2,2,2.6962534687059603,0,0,0,0,0
312,0,-0.2778144885636592,1,1,0.3444394801955362,1,0,0,0,1
313,0,-0.12500570992732968,0,0,-0.8019236166026618,0,1,1,0,1
314,0,1.0210601298451418,1,1,0.35395586016517094,1,0,1,0,1
315,1,-0.2778144885636592,0,0,-0.806763380796033,0,1,0,0,1
316,1,-0.4306232671999887,1,0,0.3444394801955362,1,0,0,0,1
317,0,1.8615084123449541,0,0,-0.2624619586252086,1,0,1,0,1
318,1,0.1042074580271646,0,2,2.218822021910339,0,0,0,0,1
319,1,0.7918469618906475,1,1,2.010033264475824,0,0,0,0,0
320,0,-0.5834320458363182,0,0,-0.8797405693934278,0,1,1,0,1
321,0,-0.20141009924549444,0,0,-0.8019236166026618,0,1,1,0,1
322,1,0.02780306870899985,0,0,-0.38278544498532663,1,0,0,1,0
323,1,-0.5834320458363182,1,1,0.4532263111425748,1,0,0,0,1
324,0,0.00481433627591648,8,2,1.3361591794576348,0,1,1,0,1
325,1,0.4862294046179884,0,0,2.0186331792044068,0,0,0,0,0
326,0,2.3963391375721077,0,0,-1.0149359989180027,0,1,1,0,1
327,1,0.4862294046179884,0,0,-0.3336984726090336,1,0,0,0,1
328,1,0.1042074580271646,1,1,0.11044794172866994,0,1,0,0,1
329,1,-1.0418583817453069,0,1,1.1511968252901217,0,0,0,0,0
330,1,0.00481433627591648,2,0,0.23352593393921808,0,1,0,1,0
331,0,1.2120711031405538,0,0,0.4358726267231761,0,0,1,0,1
332,0,0.6390381832543179,0,1,2.14527242190355,0,0,1,0,1
333,0,-1.0418583817453069,2,0,-0.01838583697289204,0,1,1,0,1
334,1,0.00481433627591648,1,0,2.003535801391161,0,0,0,0,1
335,0,0.00481433627591648,0,0,-0.8019236166026618,0,1,1,0,1
336,0,-0.048601320609164916,1,0,1.2920564383571118,0,0,1,0,1
337,1,0.8682513512088122,0,0,2.010033264475824,0,0,0,0,0
338,1,1.1738689084814713,0,0,-0.7841792430073967,0,1,1,0,1
339,0,1.1738689084814713,0,0,0.6557188297748954,0,0,1,0,1
340,1,-2.1115198321996136,1,1,0.3444394801955362,1,0,1,0,1
341,1,-0.4306232671999887,3,2,2.6987007794454887,0,0,0,0,1
342,0,-0.12500570992732968,0,0,-0.3336984726090336,1,0,1,0,1
343,0,-0.354218877881824,0,0,-0.3336984726090336,1,0,1,0,1
344,0,0.4862294046179884,0,0,-0.3336984726090336,1,0,1,0,1
345,1,-0.4306232671999887,0,0,-0.3336984726090336,1,0,0,0,1
346,1,0.7918469618906475,0,0,-0.3336984726090336,1,0,0,0,1
347,1,0.00481433627591648,1,0,-0.12717266791993012,0,1,0,0,1
348,1,-2.0351154428814486,1,1,-0.1393201011784549,0,1,1,0,1
349,0,0.944655740526977,0,0,-0.7165619336211217,0,1,1,0,1
350,0,-0.5070276565181535,0,0,-0.658138561741074,0,1,1,0,1
351,0,0.00481433627591648,0,0,0.6414769499431594,0,0,1,0,1
352,0,-1.1182627710634716,1,1,-0.8823470582632056,0,1,1,0,0
353,0,-0.354218877881824,1,0,-0.029312075627065143,0,1,1,0,1
354,0,0.00481433627591648,0,0,-0.8828741679067217,0,1,1,0,0
355,0,-0.12500570992732968,0,0,-0.6307359423566569,0,1,1,0,1
356,1,-0.5834320458363182,0,1,1.0976780669265336,0,0,0,0,1
357,0,0.6390381832543179,0,0,-0.3336984726090336,1,0,0,0,1
358,1,0.00481433627591648,0,0,-0.8038521494426432,0,1,0,1,0
359,1,0.00481433627591648,0,0,-0.8038521494426432,0,1,0,1,0
360,0,0.7918469618906475,1,4,0.4146557174979072,0,1,1,0,1
361,0,-0.048601320609164916,1,0,0.4082334475616762,1,0,1,0,0
362,0,1.1738689084814713,0,1,-0.23166125968823223,0,1,0,0,0
363,0,0.4098250152998237,0,0,-0.9050797531497118,0,1,1,0,1
364,0,0.00481433627591648,1,0,-0.16405229962564447,0,1,1,1,0
365,0,0.02780306870899985,0,0,-0.8797405693934278,0,1,1,0,1
366,1,2.3199347482539427,1,0,1.4163815756188534,0,0,0,0,0
367,1,0.00481433627591648,0,0,-0.8823470582632056,0,1,0,0,0
368,1,0.00481433627591648,0,0,-0.8189865811572414,0,1,0,1,0
369,1,-0.4306232671999887,0,0,1.3324938581871215,0,0,0,0,0
370,1,-0.354218877881824,1,0,1.1057901177672143,0,0,1,0,0
371,0,-0.8890496031089773,1,0,-0.9787286015064478,0,1,1,0,1
372,0,-0.8126452137908126,0,0,-0.7841792430073967,0,1,1,0,1
373,0,-0.5834320458363182,0,0,2.0186331792044068,0,0,1,0,0
374,0,-2.0351154428814486,3,1,0.1364991380659541,0,1,0,0,1
375,1,0.00481433627591648,1,0,1.5060857797883969,0,0,0,0,0
376,1,-0.5834320458363182,0,0,-0.8797405693934278,0,1,0,0,1
377,0,-0.20141009924549444,0,2,2.4746366111687697,0,0,1,0,0
378,0,-0.7362408244726478,0,0,-1.3942229498762084,0,1,1,0,0
379,0,-0.8126452137908126,0,0,-0.8160407306065733,0,1,1,0,1
380,1,0.944655740526977,0,0,2.5497045522452972,0,0,0,0,0
381,1,-2.187924221517778,0,2,-0.14903715526900022,0,1,0,0,0
382,0,0.18061184734532937,0,0,-0.798539974052802,0,1,1,0,1
383,1,0.4098250152998237,1,0,1.0408277503255374,0,0,0,0,1
384,0,0.00481433627591648,0,0,-0.8019236166026618,0,1,1,0,1
385,0,-0.8890496031089773,0,0,1.3924082286355355,1,0,1,0,1
386,0,-2.187924221517778,5,2,0.936361092700485,0,1,1,0,1
387,1,0.4862294046179884,0,0,-0.3336984726090336,1,0,0,0,1
388,0,0.00481433627591648,0,0,-0.8214439504217126,0,1,1,1,0
389,1,-0.965453992427142,0,0,-0.4102164299119116,1,0,0,0,0
390,1,0.4862294046179884,1,2,1.8931715298766851,0,0,1,0,1
391,1,-0.659836435154483,0,0,-0.8135961720983267,0,1,1,0,1
392,0,-0.12500570992732968,2,0,-0.798539974052802,0,1,1,0,1
393,1,-0.5070276565181535,1,0,1.834129231109428,0,0,0,0,0
394,1,-0.4306232671999887,0,2,-0.09156500424402261,0,1,0,0,1
395,0,-0.5834320458363182,0,0,-0.8135961720983267,0,1,1,0,1
396,0,0.1042074580271646,0,0,-0.806763380796033,0,1,0,0,1
397,0,1.250273297799636,0,0,0.3444394801955362,1,0,1,0,1
398,0,-0.5070276565181535,0,0,-0.5368057694182641,1,0,1,0,1
399,1,-0.12500570992732968,0,0,-0.35983961362319966,1,0,0,0,1
400,1,0.7154425725724827,0,0,-0.798539974052802,0,1,1,0,1
401,0,-0.2778144885636592,0,0,-0.7841792430073967,0,1,1,0,1
402,0,-0.659836435154483,1,0,-0.5992616204389827,0,1,0,0,1
403,0,-0.12500570992732968,1,0,-0.1423794216910609,0,1,1,0,1
404,0,-0.7362408244726478,0,0,-0.7165619336211217,0,1,0,0,1
405,0,0.3334206259816589,1,0,0.1329851701219792,1,0,1,0,1
406,0,1.63229524439046,0,0,-0.8189865811572414,0,1,1,0,1
407,1,-2.0351154428814486,1,1,0.021587667954472933,1,0,1,0,1
408,0,-0.659836435154483,0,0,-0.8160407306065733,0,1,1,0,1
409,0,0.00481433627591648,3,1,0.32384119624754826,0,1,0,0,1
410,0,0.00481433627591648,0,0,-0.8019236166026618,0,1,1,0,1
411,0,0.00481433627591648,0,0,-0.9299653348541039,0,1,1,1,0
412,1,0.25701623666349416,1,0,1.5989745568795648,0,0,0,1,0
414,1,1.0974645191633066,0,0,-0.798539974052802,0,1,1,0,1
415,0,0.00481433627591648,0,0,-0.7841792430073967,0,1,0,0,1
416,1,0.3334206259816589,1,1,0.5671628780396996,1,0,0,0,1
417,1,-0.8890496031089773,0,2,-0.3336984726090336,1,0,0,0,1
418,0,0.02780306870899985,0,0,-0.3336984726090336,1,0,1,0,1
419,0,-1.5002847176542955,0,2,0.2711522804976662,0,1,0,0,1
420,0,0.00481433627591648,0,0,-0.8019236166026618,0,1,1,0,0
421,0,-0.659836435154483,0,0,-0.8209591021193487,0,1,1,1,0
422,0,-0.048601320609164916,0,0,-0.804340663003928,0,1,1,0,1
423,0,-0.12500570992732968,1,1,-0.23528881360946907,0,1,0,0,1
424,0,-0.8890496031089773,1,1,0.09534793704965058,0,1,1,0,1
425,0,0.00481433627591648,0,0,-0.8797405693934278,0,1,1,0,1
426,1,-0.12500570992732968,1,0,0.3444394801955362,1,0,0,0,1
427,1,-0.8126452137908126,0,0,0.3444394801955362,1,0,0,0,1
428,0,0.00481433627591648,0,0,-0.8189865811572414,0,1,1,1,0
429,1,0.18061184734532937,0,0,-0.7841792430073967,0,1,1,0,1
430,1,-0.12500570992732968,0,0,0.36526093570402607,0,0,1,0,1
431,1,0.00481433627591648,1,0,-0.12717266791993012,0,1,0,0,1
432,1,0.944655740526977,1,0,0.3444394801955362,1,0,0,0,1
433,0,-0.965453992427142,0,0,-0.8955045384601199,0,1,1,0,1
434,0,1.5558908550722952,1,0,1.1141402035210881,0,0,1,0,1
435,1,-1.1946671603816363,1,2,1.8931715298766851,0,0,0,0,1
436,0,-0.659836435154483,2,2,0.6233938271906204,0,1,0,0,1
437,1,-0.4306232671999887,2,3,0.021587667954472933,1,0,0,0,1
438,0,2.6255523055266017,1,4,2.6987007794454887,0,0,1,0,1
439,0,0.1042074580271646,0,0,-0.5368057694182641,1,0,1,0,1
440,1,1.1738689084814713,1,1,0.35395586016517094,1,0,0,0,1
441,0,-0.7362408244726478,0,0,-0.6307359423566569,0,1,1,0,1
442,0,-0.354218877881824,1,0,-0.8160407306065733,0,1,1,0,1
443,1,-0.12500570992732968,0,0,-0.3336984726090336,1,0,0,0,1
444,1,0.00481433627591648,0,0,-0.7770730902669089,0,1,1,0,1
445,1,-1.958711053563284,0,2,1.5021989568725875,0,0,1,0,1
446,1,-1.271071549699801,0,1,0.06007112543995847,1,0,0,0,1
447,1,0.3334206259816589,0,0,0.36526093570402607,0,0,1,0,1
448,1,-1.8823066642451192,2,1,0.047825129435189045,0,1,0,0,0
449,1,1.7086996337086247,0,0,0.5036031274312862,0,0,1,0,1
450,0,0.4862294046179884,1,2,0.40928266156909443,1,0,1,0,1
451,0,0.00481433627591648,1,0,0.0833137463231359,0,1,1,0,1
452,0,0.02780306870899985,0,0,0.40928266156909443,0,0,1,0,0
453,1,1.4794864657541302,1,0,1.588760118059578,0,0,1,0,0
454,0,0.00481433627591648,0,0,-0.7841792430073967,0,1,1,0,1
455,1,-0.048601320609164916,0,0,-0.8019236166026618,0,1,1,0,0
456,0,2.7019566948447666,0,0,0.36526093570402607,0,0,1,0,1
457,1,0.00481433627591648,1,0,1.038145562232327,0,0,0,0,1
458,1,1.5558908550722952,0,0,-0.5368057694182641,1,0,0,0,1
459,0,0.00481433627591648,0,0,-0.8189865811572414,0,1,1,1,0
460,1,1.4030820764359655,0,0,0.36526093570402607,0,0,1,0,1
461,0,0.3334206259816589,0,0,-0.7841792430073967,0,1,1,0,1
462,0,1.3266776871178008,0,0,0.7372759377222563,0,0,1,0,1
463,0,1.4030820764359655,0,0,-0.3336984726090336,1,0,1,0,1
464,0,0.00481433627591648,0,0,-0.7841792430073967,0,1,1,0,1
465,0,0.6390381832543179,0,0,-0.9050797531497118,0,1,1,0,1
467,0,2.014317190981284,0,0,0.36526093570402607,0,0,1,0,1
468,0,0.00481433627591648,0,0,-0.8219408604763344,0,1,1,1,0
469,1,-2.2070253188473195,2,1,0.047825129435189045,0,1,0,0,0
470,0,0.00481433627591648,0,0,-0.8797405693934278,0,1,1,0,1
471,0,0.6390381832543179,0,0,-0.7165619336211217,0,1,1,0,1
472,1,0.25701623666349416,1,2,0.40928266156909443,1,0,0,0,1
473,1,-0.5070276565181535,0,0,-0.2769007052339032,1,0,0,0,0
474,0,-0.5834320458363182,0,0,-0.5980700220174994,0,1,0,0,1
475,0,0.00481433627591648,0,0,1.0408277503255374,0,0,1,0,1
476,0,0.3334206259816589,1,0,0.1329851701219792,1,0,1,0,1
477,0,-0.048601320609164916,1,0,-0.9056185997745971,0,1,1,0,1
478,0,-0.5834320458363182,0,0,-0.8463932397472813,0,1,1,0,1
479,1,-2.1115198321996136,0,1,-0.38763069046803694,0,1,0,0,1
480,0,-1.5766891069724602,5,2,0.936361092700485,0,1,1,0,1
482,0,1.5558908550722952,0,0,-0.7841792430073967,0,1,1,0,1
483,1,2.549147916208437,0,0,-0.6221672631581132,0,1,0,0,1
484,1,-0.354218877881824,1,0,1.6111475224786775,0,0,1,0,0
485,0,0.00481433627591648,3,1,0.32384119624754826,0,1,0,0,1
486,1,0.4098250152998237,1,0,1.5989745568795648,0,0,0,0,1
487,0,2.1671259696176133,0,0,0.4770416648490861,0,0,1,0,0
488,0,0.02780306870899985,0,0,-0.7841792430073967,0,1,1,0,1
489,1,-1.5766891069724602,1,1,-0.1393201011784549,0,1,1,0,1
490,0,0.00481433627591648,1,0,0.0833137463231359,0,1,1,0,1
491,0,-0.659836435154483,0,0,-0.8797405693934278,0,1,1,0,1
492,0,1.9379128016631189,0,0,0.5036031274312862,0,0,1,0,1
493,0,3.160383030753755,0,0,0.9910237262754293,0,0,1,0,0
494,0,-0.659836435154483,0,0,-0.7841792430073967,0,1,1,0,1
495,0,0.00481433627591648,0,0,-0.23138736843472296,0,1,1,0,0
496,1,1.8615084123449541,1,0,1.4564440718289613,0,0,0,0,0
497,0,0.00481433627591648,0,0,-0.1893914833819289,0,1,1,0,1
498,0,-0.354218877881824,1,2,2.132408321022389,0,0,0,0,1
499,0,-0.4306232671999887,0,0,-0.8135961720983267,0,1,1,0,1
500,0,-0.965453992427142,0,0,-0.7165619336211217,0,1,1,0,1
501,0,-0.659836435154483,0,0,-0.8189865811572414,0,1,0,1,0
502,0,0.00481433627591648,0,0,-0.8333405692374476,0,1,0,1,0
503,0,0.5626337939361532,0,0,-0.6221672631581132,0,1,0,0,1
504,1,-1.0418583817453069,0,0,1.5584783893656837,0,0,0,0,1
505,0,-0.8890496031089773,1,0,1.7938227894866787,0,0,1,0,0
506,1,0.25701623666349416,0,2,0.3444394801955362,1,0,0,0,1
507,1,0.00481433627591648,0,0,0.36526093570402607,0,0,1,0,1
508,0,-0.12500570992732968,0,0,0.20218592718197398,0,1,1,0,1
509,1,-0.2778144885636592,0,0,1.1248955097361604,0,1,1,0,1
510,1,-0.048601320609164916,0,0,-0.8189865811572414,0,1,1,1,0
511,0,0.00481433627591648,0,0,-0.7841792430073967,0,1,1,0,1
512,1,0.4862294046179884,0,0,0.3553757823476229,0,0,1,0,1
513,1,1.8615084123449541,1,0,1.1757752036108362,0,0,0,0,0
514,0,-0.4306232671999887,0,0,-0.8494271027413144,0,1,1,0,1
515,0,1.3266776871178008,0,0,0.6130033879569109,0,0,1,0,1
516,1,0.3334206259816589,0,0,-0.5368057694182641,1,0,0,0,1
517,0,0.00481433627591648,0,0,0.2711522804976662,0,1,1,1,0
518,1,0.4862294046179884,1,0,0.3444394801955362,1,0,0,0,1
519,0,0.18061184734532937,0,0,-0.8019236166026618,0,1,1,0,1
520,1,0.02780306870899985,0,0,1.6379421972192298,0,0,0,0,1
521,0,-0.5834320458363182,0,0,-0.8019236166026618,0,1,1,0,1
522,0,0.00481433627591648,0,0,-0.8828741679067217,0,1,1,0,0
523,1,1.0974645191633066,0,1,1.1511968252901217,0,0,0,0,0
524,0,0.00481433627591648,0,0,-0.8823470582632056,0,1,1,0,0
525,0,0.8300491565497299,0,0,-0.8189865811572414,0,1,1,1,0
526,1,1.5558908550722952,0,0,-0.5368057694182641,1,0,0,0,1
527,0,0.00481433627591648,0,0,2.523411982756633,0,0,1,0,1
528,0,0.7154425725724827,0,0,-0.798539974052802,0,1,1,0,1
529,0,-0.5070276565181535,2,1,-0.4507125974257932,1,0,1,0,1
530,1,-2.1115198321996136,1,1,0.3444394801955362,1,0,0,0,1
531,0,0.00481433627591648,0,0,-0.8823470582632056,0,1,1,0,0
532,0,-0.965453992427142,1,1,-0.8823470582632056,0,1,1,0,0
533,1,0.00481433627591648,0,2,0.19484336402527688,0,1,0,0,0
534,0,0.02780306870899985,0,0,-0.7165619336211217,0,1,0,0,1
535,1,-1.7294978856087897,0,2,0.35395586016517094,1,0,0,0,1
536,0,1.1738689084814713,0,0,0.36526093570402607,0,0,1,0,1
537,1,0.02780306870899985,0,0,1.7703041212742283,0,0,0,0,0
538,0,0.00481433627591648,0,0,-0.2286058134653583,0,1,1,0,1
539,1,-0.5834320458363182,0,2,0.9909378569025421,0,0,0,0,0
540,1,0.4862294046179884,0,2,1.3571652197109427,0,0,0,0,1
541,0,-1.5766891069724602,4,2,0.5286989276421437,0,1,0,0,1
542,0,-1.4238803283361305,4,2,0.5286989276421437,0,1,0,0,1
543,1,0.18061184734532937,1,0,0.3444394801955362,1,0,1,0,1
544,0,1.5558908550722952,1,0,1.7703041212742283,0,0,1,0,0
545,0,2.6255523055266017,0,0,0.3444394801955362,0,0,1,0,1
546,1,-0.8126452137908126,1,0,0.3444394801955362,1,0,0,0,1
547,1,0.00481433627591648,0,0,-0.27197037165090676,1,0,1,0,0
548,0,0.25701623666349416,1,1,0.11044794172866994,0,1,1,0,1
549,1,-1.653093496290625,1,1,0.6904870950626278,1,0,1,0,1
550,1,-0.965453992427142,0,2,1.812289926928167,0,0,1,0,0
551,0,-0.20141009924549444,0,0,0.3444394801955362,1,0,1,0,1
552,0,0.00481433627591648,0,0,-0.809682843697731,0,1,1,1,0
553,1,-0.5834320458363182,0,0,-0.8828741679067217,0,1,1,0,0
554,1,-0.5834320458363182,0,0,-0.8160407306065733,0,1,0,0,1
555,0,2.472743526890272,0,0,0.36526093570402607,0,0,1,0,1
556,1,1.4030820764359655,1,0,0.7656365698356679,0,0,0,0,0
557,0,0.00481433627591648,0,0,2.5497045522452972,0,0,1,0,0
558,1,0.7154425725724827,1,1,1.4743073772537167,0,0,0,0,1
559,1,0.4862294046179884,1,0,-0.05151766087005573,0,1,0,0,1
560,0,0.00481433627591648,0,0,-0.8189865811572414,0,1,1,1,0
561,0,0.7918469618906475,0,0,-0.8019236166026618,0,1,1,0,1
562,0,-0.12500570992732968,0,0,-0.29746598596845064,1,0,1,0,1
563,0,0.00481433627591648,0,0,-0.7841792430073967,0,1,1,0,1
564,0,0.00481433627591648,0,0,-0.7841792430073967,0,1,0,0,1
565,0,-0.4306232671999887,2,0,0.2711522804976662,0,1,1,0,1
566,0,-0.8126452137908126,0,0,-0.8019236166026618,0,1,1,0,1
567,0,-0.048601320609164916,0,4,0.1364991380659541,0,1,0,0,1
568,0,0.00481433627591648,0,0,-0.8823470582632056,0,1,1,0,0
569,1,0.18061184734532937,0,0,-0.806763380796033,0,1,1,0,1
570,1,2.472743526890272,0,0,-0.5368057694182641,1,0,1,0,1
571,1,1.7851040230267894,2,0,1.0306316027835163,0,0,0,0,1
572,1,0.4862294046179884,0,0,0.35915272270042775,0,0,1,0,1
573,1,0.00481433627591648,0,0,-0.8189865811572414,0,1,0,1,0
574,0,-1.0418583817453069,0,0,-0.7841792430073967,0,1,1,0,1
575,0,-0.8126452137908126,0,0,-0.2286058134653583,0,1,1,0,1
576,1,0.3334206259816589,0,0,-0.3336984726090336,1,0,0,0,1
577,1,0.7154425725724827,1,0,1.1141402035210881,0,0,0,0,1
578,0,0.00481433627591648,1,0,-0.23138736843472296,0,1,0,0,0
579,1,0.18061184734532937,0,0,-0.798539974052802,0,1,1,0,1
580,1,-0.354218877881824,1,1,0.4870824563024251,1,0,0,0,1
581,1,0.7154425725724827,1,1,1.812289926928167,0,0,0,0,0
582,0,1.8615084123449541,0,0,0.3444394801955362,1,0,1,0,1
583,0,0.4862294046179884,0,0,0.7789025328484201,0,0,1,0,0
584,0,0.00481433627591648,0,0,-0.71123278673221,0,1,1,0,0
585,1,-0.8890496031089773,0,2,1.4743073772537167,0,0,0,0,1
586,0,1.3266776871178008,0,0,-0.19582465009716046,1,0,1,0,1
587,1,2.3199347482539427,1,1,1.4685301291949246,0,0,1,0,0
588,0,-0.5834320458363182,0,0,-0.7841792430073967,0,1,1,0,1
589,0,0.00481433627591648,0,0,-0.7841792430073967,0,1,1,0,1
590,0,0.4098250152998237,0,0,-0.8955045384601199,0,1,1,0,1
591,1,1.7086996337086247,1,0,1.4564440718289613,0,0,0,0,0
592,0,1.3266776871178008,0,0,-0.8797405693934278,0,1,1,0,1
593,0,0.00481433627591648,0,2,-0.8189865811572414,0,1,0,1,0
594,0,0.5626337939361532,1,0,0.3444394801955362,1,0,1,0,1
595,0,0.4862294046179884,1,1,0.2711522804976662,0,1,1,0,1
596,1,0.00481433627591648,0,0,0.5824597491940529,1,0,0,0,1
598,0,0.00481433627591648,0,0,-0.8828741679067217,0,1,1,0,0
599,1,1.4794864657541302,1,0,1.1326493972880125,0,0,1,0,0
600,1,-0.4306232671999887,2,1,0.3819897971587497,1,0,0,0,1
601,0,0.00481433627591648,0,0,-0.8019236166026618,0,1,1,0,1
602,0,0.00481433627591648,0,0,0.8344967423387601,0,0,1,0,1
603,0,1.0974645191633066,0,0,-0.7841792430073967,0,1,1,0,1
604,1,0.4098250152998237,0,0,0.36526093570402607,0,0,1,0,0
605,0,0.4862294046179884,1,0,-0.16092818251417132,0,1,1,0,1
606,0,0.02780306870899985,0,0,-0.8019236166026618,0,1,1,0,1
607,1,-0.20141009924549444,0,0,0.5036031274312862,0,0,1,0,1
608,1,-0.5834320458363182,1,2,0.8147822510349934,1,0,0,0,0
609,1,0.7918469618906475,0,0,2.14527242190355,0,0,0,0,1
610,0,0.7154425725724827,1,5,0.5286989276421437,0,1,0,0,1
611,0,0.00481433627591648,0,0,-0.9050797531497118,0,1,1,0,1
612,1,0.00481433627591648,1,0,-0.16405229962564447,0,1,0,1,0
613,0,0.00481433627591648,0,0,-0.8189865811572414,0,1,1,1,0
614,0,0.4098250152998237,0,0,-0.7841792430073967,0,1,1,0,1
615,1,-0.4306232671999887,1,2,1.2673242399099218,1,0,0,0,1
616,0,0.3334206259816589,1,1,-0.23528881360946907,0,1,1,0,1
617,0,-0.2778144885636592,1,0,-0.12717266791993012,0,1,0,0,1
618,1,-1.958711053563284,2,1,0.750263780890198,1,0,0,0,1
619,0,-0.2778144885636592,0,0,-0.5368057694182641,1,0,1,0,1
620,0,-0.20141009924549444,1,0,-0.23166125968823223,0,1,1,0,0
621,1,0.944655740526977,1,0,1.0515683442816504,0,0,1,0,1
622,1,-0.7362408244726478,1,1,-0.14903715526900022,0,1,1,0,0
623,0,-0.659836435154483,0,0,-0.806763380796033,0,1,1,0,1
624,0,-0.659836435154483,0,0,-0.12717266791993012,0,1,1,0,1
625,0,2.3963391375721077,0,0,0.5616248415955212,0,0,1,0,1
626,0,2.0907215802994483,0,0,-0.38278544498532663,1,0,1,1,0
627,1,-0.659836435154483,0,0,1.452419049919151,0,0,0,0,1
628,0,-0.2778144885636592,0,0,-0.8019236166026618,0,1,1,0,1
629,0,0.00481433627591648,0,0,-0.8209591021193487,0,1,1,1,0
630,1,3.848022534617238,0,0,0.4870824563024251,0,0,1,0,1
631,0,1.63229524439046,0,0,-0.9045411875888885,0,1,1,0,1
632,1,0.18061184734532937,0,0,0.5036031274312862,0,0,1,0,0
634,0,-1.5766891069724602,3,2,0.4146557174979072,0,1,0,0,1
635,1,-0.12500570992732968,0,0,-0.3336984726090336,1,0,0,0,1
636,0,0.18061184734532937,0,0,-0.798539974052802,0,1,1,0,1
637,0,0.1042074580271646,1,1,0.35395586016517094,1,0,1,0,1
638,0,0.8682513512088122,0,5,0.7678594338107121,0,1,0,0,1
639,0,0.00481433627591648,1,0,-0.12717266791993012,0,1,1,0,1
640,0,-0.7362408244726478,0,0,-0.806763380796033,0,1,1,0,1
641,1,-0.4306232671999887,0,0,1.3324938581871215,0,0,0,0,0
642,0,-2.1115198321996136,3,2,0.4146557174979072,0,1,0,0,1
643,1,0.00481433627591648,0,0,1.1248955097361604,0,1,1,0,1
644,1,-2.2070253188473195,2,1,0.047825129435189045,0,1,0,0,0
645,1,1.4030820764359655,1,0,1.4362199751817062,0,0,1,0,0
646,0,-0.8126452137908126,0,0,-0.8019236166026618,0,1,1,0,1
647,1,2.014317190981284,0,0,0.6557188297748954,0,0,1,0,0
648,0,0.00481433627591648,0,0,-0.8428609376877135,0,1,1,0,1
649,1,-0.5070276565181535,0,0,-0.8428609376877135,0,1,0,0,1
650,0,0.00481433627591648,0,0,-0.8019236166026618,0,1,1,0,1
651,1,-0.8890496031089773,0,1,0.2228261499229997,1,0,0,0,1
652,0,-0.659836435154483,0,0,-0.741349052303618,0,1,1,0,1
653,1,0.00481433627591648,0,0,-0.809682843697731,0,1,0,1,0
654,0,-0.8890496031089773,0,0,-0.9442940832331417,0,1,0,1,0
655,0,-0.4306232671999887,2,0,1.3924082286355355,1,0,1,0,1
656,0,0.00481433627591648,0,0,-0.8019236166026618,0,1,1,0,1
657,0,0.18061184734532937,1,1,-0.16405229962564447,0,1,0,1,0
658,0,-0.5070276565181535,0,0,-0.3336984726090336,1,0,1,0,1
659,0,2.1671259696176133,0,2,1.834129231109428,0,0,1,0,0
660,1,1.5558908550722952,2,0,2.003535801391161,0,0,1,0,1
661,0,0.7918469618906475,0,0,-0.8828741679067217,0,1,1,0,0
662,0,1.3266776871178008,0,0,0.32854312829417104,0,0,1,0,1
663,0,0.4862294046179884,0,0,-0.8494271027413144,0,1,1,0,1
664,1,-0.7362408244726478,1,0,-0.798539974052802,0,1,1,0,1
665,0,0.18061184734532937,2,0,1.3924082286355355,1,0,1,0,1
666,0,-0.354218877881824,0,0,-0.3336984726090336,1,0,1,0,1
667,0,0.00481433627591648,0,0,-0.8160407306065733,0,1,1,0,1
668,0,1.0210601298451418,0,0,-0.7841792430073967,0,1,1,0,1
669,1,0.00481433627591648,1,0,1.0408277503255374,0,0,0,0,1
670,1,0.7918469618906475,1,1,0.750263780890198,1,0,0,0,1
671,0,0.1042074580271646,1,0,1.0408277503255374,0,0,1,0,1
672,0,3.0839786414355905,0,0,-0.5368057694182641,1,0,1,0,1
673,1,0.1042074580271646,0,0,-0.3336984726090336,1,0,1,0,1
675,0,-0.8890496031089773,0,0,-0.8160407306065733,0,1,1,0,1
676,0,-0.39242107254090636,0,0,-0.7841792430073967,0,1,1,0,1
677,1,-0.8890496031089773,0,0,-0.597669953407196,0,1,0,0,1
678,0,1.0210601298451418,1,6,0.936361092700485,0,1,0,0,1
680,0,0.00481433627591648,0,0,-0.774244266805356,0,1,0,1,0
681,1,-0.20141009924549444,0,0,1.4362199751817062,0,0,1,0,0
682,0,-0.7362408244726478,0,0,-0.658138561741074,0,1,1,0,1
683,0,-1.1946671603816363,5,2,0.936361092700485,0,1,1,0,1
684,0,2.3199347482539427,1,1,0.750263780890198,1,0,1,0,1
685,0,-0.354218877881824,1,2,0.8147822510349934,1,0,1,0,0
686,0,-1.1946671603816363,4,1,0.7678594338107121,0,1,1,0,1
687,0,-0.8126452137908126,0,0,-0.5667940759868451,0,1,1,0,1
688,0,-0.8890496031089773,0,0,-0.8135961720983267,0,1,1,0,1
689,1,-1.1182627710634716,0,1,2.4738467350641637,0,0,0,0,1
690,1,0.1042074580271646,1,0,1.1339105535671157,0,0,1,0,1
691,1,-1.958711053563284,0,1,-0.3034147385612252,0,1,0,0,0
692,1,0.00481433627591648,0,0,1.1248955097361604,0,1,1,0,1
693,0,-0.354218877881824,0,0,-0.8828741679067217,0,1,1,0,0
694,0,2.3199347482539427,0,0,0.36526093570402607,0,0,1,0,1
695,0,1.7086996337086247,0,0,-0.29746598596845064,1,0,1,0,1
696,0,1.0974645191633066,0,0,-0.7841792430073967,0,1,1,0,1
697,1,0.00481433627591648,0,0,-0.8209591021193487,0,1,0,1,0
698,0,1.4794864657541302,1,1,1.812289926928167,0,0,1,0,0
699,0,0.944655740526977,0,0,-0.830854756854953,0,1,1,0,1
700,1,-0.8890496031089773,1,0,2.5497045522452972,0,0,0,0,0
701,1,0.4098250152998237,0,0,0.3553757823476229,0,0,1,0,1
702,0,-0.8890496031089773,0,1,-0.23166125968823223,0,1,0,0,0
703,0,-0.354218877881824,0,0,-0.8199664648688783,0,1,1,1,0
704,0,-0.2778144885636592,1,0,-0.806763380796033,0,1,1,0,1
705,0,0.7154425725724827,0,0,0.3444394801955362,1,0,1,0,1
706,1,1.1738689084814713,0,0,-0.29746598596845064,1,0,0,0,1
707,1,0.944655740526977,0,0,0.3553757823476229,0,0,1,0,1
708,1,-0.5834320458363182,0,0,2.132408321022389,0,0,0,0,1
709,1,0.00481433627591648,1,1,-0.1800831698720664,0,1,1,0,0
710,1,-0.4306232671999887,0,0,0.9910237262754293,0,0,0,0,0
711,0,0.00481433627591648,0,0,0.36526093570402607,0,0,1,0,1
712,1,1.4030820764359655,1,0,1.0408277503255374,0,0,1,0,1
713,0,-0.048601320609164916,0,0,-0.6323794480268654,0,1,1,0,1
714,0,1.7086996337086247,0,0,-0.3336984726090336,1,0,1,0,1
715,0,-0.8126452137908126,0,0,-0.830854756854953,0,1,1,0,1
716,1,0.6390381832543179,0,0,2.5497045522452972,0,0,0,0,0
717,1,-0.20141009924549444,0,0,-0.5368057694182641,1,0,0,0,1
718,0,0.00481433627591648,0,0,-0.16405229962564447,0,1,1,1,0
719,0,0.25701623666349416,0,0,-0.8160407306065733,0,1,1,0,1
720,1,-1.8059022749269544,0,1,0.5824597491940529,1,0,0,0,1
721,0,-0.965453992427142,1,0,-0.9045411875888885,0,1,1,0,1
722,0,0.3334206259816589,0,0,-0.3336984726090336,1,0,1,0,1
723,0,1.5558908550722952,0,0,-0.3336984726090336,1,0,1,0,1
724,1,-0.20141009924549444,1,0,1.0620380556287106,0,0,1,0,1
725,0,-0.7362408244726478,0,0,-0.7165619336211217,0,1,1,0,1
726,1,0.02780306870899985,3,0,0.1329851701219792,1,0,0,0,1
727,1,0.00481433627591648,0,0,-0.8204626642072291,0,1,0,1,0
728,0,-0.354218877881824,1,0,0.3444394801955362,1,0,1,0,1
729,0,-0.354218877881824,1,0,-0.798539974052802,0,1,0,0,1
730,1,-0.048601320609164916,0,0,2.4738467350641637,0,0,0,0,1
731,0,-1.4238803283361305,0,0,0.023546289947323752,0,1,1,0,0
733,0,-0.5070276565181535,0,0,-0.3336984726090336,1,0,1,0,1
734,0,-0.5070276565181535,0,0,-0.3336984726090336,1,0,1,0,1
735,0,-0.0868035152682473,0,0,-0.12717266791993012,0,1,1,0,1
736,0,1.4030820764359655,1,3,0.6233938271906204,0,1,0,0,1
738,0,0.00481433627591648,0,0,-0.8019236166026618,0,1,1,0,1
739,0,0.00481433627591648,0,0,-0.8019236166026618,0,1,1,0,1
740,1,0.00481433627591648,0,0,0.4870824563024251,0,0,1,0,1
741,0,0.4862294046179884,1,0,1.464014258564117,0,0,1,0,1
742,1,-0.659836435154483,2,2,2.6962534687059603,0,0,0,0,0
743,0,-0.4306232671999887,1,0,-0.12717266791993012,0,1,1,0,1
744,1,0.1042074580271646,0,0,-0.798539974052802,0,1,1,0,1
745,0,3.0839786414355905,1,1,1.3571652197109427,0,0,1,0,1
746,0,-1.0418583817453069,1,1,0.0971716406458445,0,1,1,0,1
747,1,0.02780306870899985,0,0,-0.3336984726090336,1,0,0,0,1
748,0,-0.8126452137908126,1,0,1.0620380556287106,0,0,1,0,1
749,0,0.1042074580271646,0,0,-0.8189865811572414,0,1,1,1,0
750,1,-1.958711053563284,1,1,0.2228261499229997,1,0,0,0,1
751,1,-1.8059022749269544,0,1,-0.37316263612134226,0,1,1,0,1
752,0,0.25701623666349416,0,0,-0.6307359423566569,0,1,1,0,1
753,0,-0.5070276565181535,0,0,-0.8019236166026618,0,1,1,0,1
754,1,1.4030820764359655,1,2,1.2673242399099218,1,0,0,0,1
755,1,-2.2131376699927725,1,1,-0.2286058134653583,1,0,1,0,1
756,0,-0.12500570992732968,0,0,-0.8135961720983267,0,1,1,0,1
757,0,-0.8890496031089773,0,0,-0.4507125974257932,1,0,1,0,1
758,0,0.3334206259816589,0,0,-0.7841792430073967,0,1,1,0,1
759,1,0.25701623666349416,0,0,1.5584783893656837,0,0,0,0,1
760,0,0.00481433627591648,0,0,-0.2286058134653583,0,1,1,0,1
761,0,0.8682513512088122,0,0,-0.8955045384601199,0,1,1,0,1
762,1,-0.7362408244726478,0,0,-0.8823470582632056,0,1,1,0,0
763,1,0.4862294046179884,1,2,1.8931715298766851,0,0,0,0,1
764,0,-1.0418583817453069,0,0,-0.8160407306065733,0,1,1,0,1
765,1,1.63229524439046,1,0,1.452419049919151,0,0,0,0,1
766,0,0.00481433627591648,0,0,0.7656365698356679,0,0,1,0,0
767,0,0.06600526336808223,0,0,-0.8189865811572414,0,1,0,1,0
768,0,0.00481433627591648,1,0,0.2711522804976662,0,1,1,1,0
769,0,0.18061184734532937,0,0,-0.7491276790090223,0,1,1,0,1
770,0,-0.4306232671999887,0,0,-0.6307359423566569,0,1,1,0,1
771,0,1.4030820764359655,0,0,-0.806763380796033,0,1,1,0,1
772,0,2.0907215802994483,0,0,-0.5368057694182641,1,0,0,0,1
773,0,0.00481433627591648,0,0,-0.8828741679067217,0,1,1,0,0
774,1,1.8615084123449541,1,3,0.2228261499229997,1,0,0,0,1
775,0,-0.8890496031089773,0,0,-0.8189865811572414,0,1,1,0,1
776,0,0.00481433627591648,0,0,-0.8189865811572414,0,1,1,1,0
777,1,-1.8823066642451192,0,0,-0.37316263612134226,0,1,0,0,1
778,0,0.00481433627591648,0,0,-0.8204626642072291,0,1,1,1,0
779,1,1.0210601298451418,0,1,2.4738467350641637,0,0,0,0,1
780,1,-1.271071549699801,0,0,-0.8823470582632056,0,1,0,0,0
781,1,-0.965453992427142,1,0,1.1339105535671157,0,0,0,0,1
782,0,-0.048601320609164916,0,0,0.4870824563024251,0,0,1,0,1
783,0,0.00481433627591648,1,2,0.24200663802437702,0,1,1,0,1
784,0,-0.354218877881824,0,0,-0.9050797531497118,0,1,1,0,1
785,0,-0.354218877881824,0,0,-0.8797405693934278,0,1,1,0,1
786,1,-0.8890496031089773,0,0,-0.8494271027413144,0,1,0,0,1
787,0,-1.653093496290625,4,1,0.457519539438721,0,1,1,1,0
788,1,-2.187924221517778,1,2,0.11284358066326507,0,1,1,0,1
789,0,1.250273297799636,0,0,1.4685301291949246,0,0,1,0,0
790,0,0.00481433627591648,0,0,-0.8189865811572414,0,1,1,1,0
791,0,-1.0418583817453069,0,0,0.3444394801955362,1,0,1,0,1
792,0,0.00481433627591648,8,2,1.3361591794576348,0,1,0,0,1
793,0,0.00481433627591648,0,0,0.5100012756239033,0,0,1,0,0
794,0,-0.354218877881824,0,0,-0.8019236166026618,0,1,1,0,1
795,0,0.7154425725724827,0,0,-0.3336984726090336,1,0,1,0,1
796,1,1.4794864657541302,0,0,0.3417284274758476,0,0,0,0,1
797,1,0.1042074580271646,0,0,-0.7143416664249429,0,1,0,0,1
798,0,0.02780306870899985,0,0,-0.8823470582632056,0,1,1,0,0
799,0,0.02780306870899985,1,1,0.2711522804976662,0,1,0,0,1
800,0,0.3334206259816589,0,0,-0.3336984726090336,1,0,1,0,1
801,1,0.1042074580271646,1,1,0.35395586016517094,1,0,0,0,1
802,1,-1.4238803283361305,1,2,1.8931715298766851,0,0,1,0,1
803,1,-2.232238767322314,0,1,-0.7322606388880221,0,1,1,0,0
804,1,-0.20141009924549444,0,0,-0.9147445967366699,0,1,1,0,1
805,0,0.1042074580271646,0,0,-0.8160407306065733,0,1,1,0,1
807,0,-0.8890496031089773,0,0,-0.8160407306065733,0,1,0,0,1
808,0,0.7154425725724827,0,0,-0.3336984726090336,1,0,1,0,1
809,1,0.25701623666349416,1,0,1.0620380556287106,0,0,0,0,1
810,0,-0.2778144885636592,0,0,-0.802887432760349,0,1,1,0,1
811,0,0.7154425725724827,0,0,0.2711522804976662,0,1,1,0,1
812,0,0.4098250152998237,0,0,-0.5368057694182641,1,0,1,0,1
813,0,-1.8059022749269544,4,2,0.5286989276421437,0,1,0,0,1
814,0,0.06600526336808223,0,0,-0.7841792430073967,0,1,1,0,1
816,0,-0.5070276565181535,0,0,-0.798539974052802,0,1,0,0,1
817,0,0.1042074580271646,1,1,0.6974165471111633,1,0,1,0,0
818,0,1.0210601298451418,0,0,-0.9850567418873891,0,1,1,0,1
819,0,-1.5002847176542955,3,2,0.4146557174979072,0,1,1,0,1
820,1,1.7086996337086247,1,1,1.6379421972192298,0,0,0,0,1
821,1,-0.20141009924549444,0,0,-0.7165619336211217,0,1,1,0,1
823,1,-0.20141009924549444,0,1,-0.37316263612134226,0,1,0,0,1
824,0,-2.1115198321996136,4,1,0.7678594338107121,0,1,1,0,1
825,0,0.00481433627591648,0,0,-0.9179864201772276,0,1,1,1,0
826,0,0.00481433627591648,0,0,1.1248955097361604,0,1,1,0,1
827,1,-2.187924221517778,0,2,0.6974165471111633,1,0,1,0,0
828,1,0.00481433627591648,0,0,-0.8189865811572414,0,1,1,1,0
829,1,2.472743526890272,0,0,1.4787785499834798,0,0,0,0,1
830,1,-1.1182627710634716,1,0,-0.23166125968823223,0,1,0,0,0
831,1,-2.2009129677018664,1,1,0.021587667954472933,1,0,1,0,1
832,0,0.00481433627591648,0,0,-0.8823470582632056,0,1,1,0,0
833,0,-0.5070276565181535,0,0,-0.806763380796033,0,1,1,0,1
834,0,-0.8890496031089773,0,0,-0.7560434444325566,0,1,1,0,1
835,1,0.7154425725724827,1,1,1.5182728441543658,0,0,0,0,0
836,0,-0.659836435154483,0,0,-0.7165619336211217,0,1,1,0,1
837,0,0.00481433627591648,0,0,-0.7841792430073967,0,1,1,0,1
838,1,0.18061184734532937,0,0,1.1248955097361604,0,1,1,0,1
839,1,0.00481433627591648,0,0,0.4770416648490861,0,0,1,0,0
840,0,-0.7362408244726478,0,0,-0.798539974052802,0,1,1,0,1
841,0,-1.0418583817453069,0,0,-0.5368057694182641,1,0,1,0,1
842,1,0.02780306870899985,0,0,0.5198636196706229,0,0,0,0,0
843,0,0.37162282064074126,0,0,-0.9867906128533871,0,1,1,0,0
844,0,-0.965453992427142,0,0,-0.7165619336211217,0,1,1,0,1
845,0,0.944655740526977,0,0,-0.8428609376877135,0,1,1,0,1
846,0,0.00481433627591648,8,2,1.3361591794576348,0,1,1,0,1
847,0,0.4098250152998237,0,0,-0.8019236166026618,0,1,1,0,0
848,0,-0.12500570992732968,0,1,0.5824597491940529,1,0,1,0,1
849,1,0.00481433627591648,1,0,1.588760118059578,0,0,0,0,0
850,0,-1.958711053563284,4,2,0.5286989276421437,0,1,1,0,1
851,0,3.3895961987082495,0,0,-0.8160407306065733,0,1,1,0,1
852,0,-1.5766891069724602,1,1,-0.1800831698720664,0,1,0,0,0
853,1,-1.0418583817453069,0,1,0.7605376956829671,0,0,0,0,1
854,0,1.0974645191633066,1,0,0.3444394801955362,1,0,0,0,1
855,1,-0.8890496031089773,0,1,-0.6455926003653025,0,1,0,0,1
856,1,1.1738689084814713,1,1,2.218822021910339,0,0,0,0,1
857,1,1.63229524439046,0,0,0.36526093570402607,0,0,1,0,1
858,1,-0.4306232671999887,0,3,0.047825129435189045,0,1,0,0,0
859,0,0.00481433627591648,0,0,-0.8823470582632056,0,1,1,0,0
860,0,0.8682513512088122,2,0,-0.2550339477875714,0,1,1,0,1
861,0,-0.659836435154483,1,0,-0.4507125974257932,1,0,1,0,1
862,1,1.4030820764359655,0,0,0.3417284274758476,0,0,0,0,1
863,0,0.00481433627591648,8,2,1.3361591794576348,0,1,0,0,1
864,0,-0.4306232671999887,0,0,-0.3336984726090336,1,0,1,0,1
865,1,0.944655740526977,0,0,-0.3336984726090336,1,0,0,0,1
866,1,-0.20141009924549444,1,0,-0.272262193114855,1,0,0,0,0
867,0,0.1042074580271646,0,0,1.0110997852233976,0,0,1,0,1
868,0,0.00481433627591648,0,0,-0.6307359423566569,0,1,1,0,1
869,1,-1.958711053563284,1,1,-0.48145578049281335,0,1,1,0,1
870,0,-0.2778144885636592,0,0,-0.8019236166026618,0,1,1,0,1
871,1,1.3266776871178008,1,1,1.0515683442816504,0,0,0,0,1
872,0,0.25701623666349416,0,0,-1.208550389612567,0,0,1,0,1
873,0,1.3266776871178008,0,0,-0.6811127586453682,0,1,1,0,1
874,1,-0.12500570992732968,1,0,0.26497567234198965,1,0,0,0,0
875,1,-1.1182627710634716,0,0,-0.8828741679067217,0,1,0,0,0
876,0,-0.7362408244726478,0,0,-0.5972795597045879,0,1,1,0,1
877,0,-0.8126452137908126,0,0,-0.8019236166026618,0,1,1,0,1
878,0,0.00481433627591648,0,0,-0.8019236166026618,0,1,1,0,1
879,1,2.014317190981284,0,1,1.5182728441543658,0,0,0,0,0
880,1,-0.354218877881824,0,1,0.3444394801955362,1,0,0,0,1
881,0,0.25701623666349416,0,0,-0.8019236166026618,0,1,1,0,1
882,0,-0.5834320458363182,0,0,-0.5353074585700541,0,1,0,0,1
883,0,-0.12500570992732968,0,0,-0.5368057694182641,1,0,1,0,1
884,0,-0.354218877881824,0,0,-0.9050797531497118,0,1,1,0,1
885,0,0.7154425725724827,0,5,0.457519539438721,0,1,0,1,0
886,0,-0.20141009924549444,0,0,-0.3336984726090336,1,0,1,0,1
887,1,-0.8126452137908126,0,0,0.4870824563024251,0,0,0,0,1
888,0,0.00481433627591648,1,2,0.24200663802437702,0,1,0,0,1
889,1,-0.2778144885636592,0,0,0.4870824563024251,0,0,1,0,0
890,0,0.18061184734532937,0,0,-0.8189865811572414,0,1,1,1,0
