,C1,C2,C3,C4,label
0,864,1548,1362,1863,1600
1,600,76,1418,974,1577
2,1669,576,937,1782,317
3,733,1729,1135,1030,909
4,478,41,50,1876,624
5,1531,137,372,1950,884
6,60,1443,1581,1865,1274
7,276,1663,1931,1101,1760
8,1644,344,897,106,1528
9,1482,240,1289,1599,1701
10,980,1124,1309,832,520
11,907,437,1465,1640,1319
12,751,1354,1461,1427,1528
13,1352,616,912,1325,513
14,1653,363,1165,274,761
15,204,1012,1488,1890,1689
16,677,893,1728,1300,499
17,420,543,1035,500,1981
18,1640,1301,924,1801,1879
19,379,1819,1524,1880,1711
20,48,951,742,215,1162
21,1022,1710,1411,1427,1595
22,240,93,908,508,395
23,1650,1503,420,541,4
24,852,341,1328,1551,1275
25,710,506,1981,198,633
26,948,263,1128,230,1391
27,72,358,1989,1269,1944
28,1700,1232,227,452,1875
29,954,1486,47,1668,1583
30,509,798,1495,1174,379
31,22,466,536,1260,1279
32,1408,1119,357,712,789
33,540,1996,6,306,983
34,218,704,83,590,1383
35,1668,697,896,655,1408
36,562,856,53,254,1422
37,1968,1970,281,405,961
38,1717,829,816,1395,1310
39,1853,310,1420,41,220
40,814,610,1945,1829,1023
41,1703,650,1150,1589,68
42,812,130,80,1605,1733
43,485,1086,659,820,271
44,1437,1938,1112,559,1077
45,145,967,1480,1621,11
46,191,1899,97,1016,1147
47,236,1011,488,1006,1722
48,664,1495,470,1051,1101
49,1603,233,567,658,706
50,1722,1795,593,1075,1859
51,89,592,506,1886,1543
52,349,555,23,1402,245
53,1905,1941,922,1920,98
54,111,951,72,1532,1993
55,209,734,193,1901,576
56,1513,360,1233,1447,814
57,1384,1640,885,164,1562
58,1248,76,457,12,1869
59,208,1394,892,1843,1776
60,663,102,1596,1859,359
61,1515,635,1026,547,1574
62,1466,36,811,1140,1894
63,685,1267,1133,178,672
64,80,1110,1540,312,1866
65,222,479,612,1065,1719
66,985,1375,872,983,1782
67,146,246,1784,581,1426
68,403,445,852,595,1672
69,1604,1789,1955,252,589
70,1920,607,1018,1144,789
71,1478,1014,1866,60,547
72,503,454,1660,1401,1562
73,719,1355,1612,290,1930
74,1964,1045,1747,159,1796
75,431,1822,1584,1009,540
76,978,968,1050,239,607
77,1127,698,1430,542,1415
78,1335,1072,48,829,1671
79,1996,1122,438,685,1763
80,1704,381,1953,984,591
81,497,639,1302,1627,399
82,113,1941,2,839,410
83,1070,1633,1953,1275,1440
84,170,747,592,1624,23
85,495,1375,1327,1512,840
86,1177,298,677,672,1809
87,512,1368,1175,481,388
88,397,1919,1864,522,216
89,1523,224,1704,890,1896
90,1729,191,1369,77,94
91,980,224,1008,1733,454
92,1902,1468,1077,520,937
93,882,74,855,15,1586
94,610,1767,154,1978,1833
95,18,1005,673,1236,379
96,866,1768,379,1769,1948
97,1456,1038,1735,1296,1245
98,403,1247,945,1218,1001
99,1875,1699,505,646,1071
100,212,412,1691,405,856
101,244,628,853,786,316
102,633,193,378,1069,645
103,52,306,843,1958,1846
104,734,330,1158,1702,752
105,1465,676,1168,297,427
106,1864,550,1327,200,1756
107,994,890,1317,1068,1948
108,579,954,1796,952,1095
109,554,1476,201,1881,1732
110,1100,582,1517,1014,605
111,277,1898,912,826,906
112,582,1122,92,1716,1847
113,1838,1662,1831,1408,528
114,1195,1781,702,1929,388
115,601,457,880,682,153
116,634,1652,350,541,1120
117,428,945,838,1963,579
118,1662,83,383,1987,1113
119,79,655,182,303,527
120,284,325,1302,167,427
121,1439,1397,473,1232,313
122,834,1758,1903,1190,600
123,451,913,1981,1394,1178
124,1892,1914,1311,298,713
125,302,283,216,1602,1853
126,346,764,1095,1698,828
127,157,657,562,864,170
128,891,12,1367,656,1376
129,1628,1044,966,386,718
130,1472,1649,1240,797,1095
131,1158,772,1642,909,256
132,1983,539,737,318,1240
133,1995,1529,873,994,961
134,1917,96,1412,345,316
135,887,1447,798,160,601
136,1530,58,1930,831,1696
137,398,548,1786,1773,944
138,504,1923,402,1203,279
139,543,1957,1943,98,1844
140,617,551,797,1797,365
141,1510,513,1933,765,1499
142,387,1800,102,429,439
143,946,333,739,260,161
144,940,1288,427,579,1802
145,262,283,67,151,1712
146,668,1327,271,821,1483
147,1079,132,351,503,165
148,576,1066,403,294,686
149,1491,48,121,451,866
150,789,778,1920,728,425
151,1550,999,1120,1809,1063
152,344,1149,1353,317,719
153,1142,566,177,1876,475
154,810,725,1487,312,1899
155,621,1735,990,442,1899
156,1111,1476,393,1712,967
157,808,54,1286,1449,729
158,827,909,583,646,339
159,1289,1260,1469,443,686
160,349,1648,726,1515,429
161,1599,936,807,1532,1258
162,1463,1919,1891,1273,1024
163,1276,1105,1886,273,1574
164,59,488,1898,1833,1225
165,1609,663,1524,1902,427
166,935,103,1198,145,1461
167,1554,407,1040,1171,1190
168,1585,1923,643,160,819
169,207,1863,937,573,703
170,1094,547,1248,315,5
171,1351,917,531,1091,1144
172,1304,1240,1582,230,245
173,193,263,1530,1832,30
174,189,1954,884,531,572
175,1089,1340,1602,1291,1239
176,323,39,1357,1506,80
177,1387,392,1346,1459,1902
178,1078,1541,747,40,1794
179,1286,1732,477,563,1340
180,1539,1628,1652,1039,1805
181,1913,1861,344,14,659
182,1029,474,1175,1449,1800
183,235,1283,84,276,1221
184,364,1789,881,1114,1681
185,1154,756,515,74,1638
186,1986,1561,1109,146,369
187,886,1814,994,1258,1581
188,1957,295,478,1313,646
189,1997,276,1954,251,1357
190,1450,1046,661,311,462
191,959,228,389,1663,949
192,596,696,894,889,1787
193,1642,616,1548,1327,168
194,349,803,1591,1458,614
195,1395,1036,495,703,524
196,410,161,1065,1531,1382
197,28,799,221,444,114
198,87,203,1042,582,1238
199,773,646,690,542,1194
200,373,1575,1943,174,1903
201,523,962,974,1865,1499
202,1745,1473,594,1941,1411
203,246,1173,1462,295,1119
204,1792,1842,155,884,1369
205,1407,790,295,1333,1995
206,481,1812,1614,1149,1911
207,518,1607,1180,1245,647
208,1898,1890,1480,792,475
209,847,1366,1854,1000,1104
210,1335,1655,825,1089,1450
211,446,1721,256,756,1155
212,599,404,1512,1230,1273
213,134,429,1040,637,716
214,839,741,1805,1422,990
215,1302,687,492,925,1941
216,1735,1790,1551,1977,1812
217,1232,1260,316,1698,1314
218,524,617,1453,812,752
219,1020,734,1924,1448,1135
220,206,999,889,1156,1211
221,436,1953,1327,649,1290
222,398,1728,700,1012,1401
223,336,902,674,1456,1438
224,464,831,282,379,1253
225,44,303,223,325,1976
226,499,621,1606,1962,1578
227,1679,1968,636,1412,884
228,1985,1560,1617,171,1365
229,1753,233,730,1513,753
230,1547,1871,1391,1122,1787
231,1858,9,15,998,1949
232,465,1938,703,1564,1954
233,15,1524,790,1434,961
234,469,903,205,1632,1196
235,351,297,1733,174,1433
236,1843,933,959,372,1205
237,1034,1483,1439,1607,107
238,859,1979,1762,58,1341
239,1391,65,1879,1118,1952
240,919,475,1668,821,522
241,1886,317,171,514,912
242,492,167,1730,11,727
243,576,611,524,1121,626
244,452,492,1504,479,1256
245,1425,799,1370,191,1087
246,1323,651,945,1111,1954
247,359,949,409,1247,108
248,79,1896,712,404,1356
249,242,978,1864,1776,1688
250,1256,606,1723,1585,1101
251,1984,1595,925,1749,432
252,809,1600,1142,1406,175
253,1521,1663,663,1287,1291
254,1133,958,912,416,251
255,1176,1041,864,411,16
256,351,43,66,895,22
257,1443,667,372,1490,875
258,1232,1054,1472,1439,1245
259,1647,611,1226,683,1783
260,1136,1934,796,761,77
261,1409,342,1093,309,664
262,399,1373,1306,275,273
263,319,1434,80,1366,935
264,578,688,1459,89,1344
265,1384,472,783,1856,271
266,1718,616,1733,1400,648
267,874,1265,1987,574,1263
268,1283,144,849,1072,76
269,982,402,372,1289,472
270,1461,272,94,1554,1443
271,1945,280,687,568,154
272,193,475,986,1465,1880
273,403,1697,238,1312,587
274,1165,983,1553,635,1587
275,484,1189,1102,957,520
276,597,1750,109,334,882
277,1658,1225,1759,291,1285
278,550,976,1707,979,1420
279,1824,323,499,1806,1593
280,86,1347,657,832,684
281,890,943,1459,1958,1229
282,992,1459,1334,903,1154
283,614,235,739,529,420
284,406,1954,1476,1496,1325
285,447,1189,1452,625,729
286,1628,595,1883,1804,103
287,397,519,961,400,1792
288,403,391,1566,268,1519
289,1073,1945,1008,435,250
290,310,747,166,846,118
291,1840,710,314,811,449
292,762,1621,1431,1914,689
293,1269,715,787,811,336
294,312,834,619,1319,286
295,119,1831,340,547,1866
296,1306,1941,472,269,784
297,859,1637,1983,1302,1190
298,1319,146,925,626,1010
299,1222,1293,206,1857,1574
300,1858,1580,329,1256,862
301,1664,1264,1260,325,1542
302,1288,1975,714,25,607
303,1455,1702,501,512,1525
304,1936,220,631,1743,969
305,1078,1426,1626,1659,144
306,752,1680,171,1137,1799
307,653,29,1176,717,1417
308,506,779,895,426,1130
309,1506,824,963,1888,1505
310,1920,962,767,1228,724
311,395,1642,1992,1052,1721
312,1758,1617,1634,967,992
313,1614,1479,1756,1121,1164
314,879,1294,1150,1119,1020
315,933,1037,122,874,742
316,636,48,829,1062,519
317,104,1412,1747,552,1205
318,1674,1600,205,1663,756
319,1145,561,1375,955,332
320,864,1177,267,385,268
321,1317,1780,1071,973,1258
322,1921,1207,1598,129,1424
323,593,687,1242,1907,1063
324,656,662,563,867,1839
325,1311,582,1730,1374,560
326,649,1858,1088,1451,606
327,1379,1824,938,445,1039
328,688,1689,702,1314,666
329,24,250,1994,817,463
330,1433,1661,1730,1188,314
331,401,1156,1722,278,1270
332,1214,958,1065,1483,1335
333,915,433,576,727,1447
334,1653,1889,452,785,1554
335,679,1006,886,1458,1152
336,1105,957,1352,1558,1040
337,9,1593,70,1563,1116
338,576,1902,140,1939,1922
339,1432,856,1717,273,1824
340,392,833,170,1304,1857
341,1442,473,550,860,272
342,682,1206,476,1156,592
343,1432,1624,371,1700,1779
344,1462,32,1663,9,352
345,562,1234,1471,472,517
346,1572,1131,1037,94,1584
347,1803,1527,549,1512,703
348,228,1058,472,1079,1608
349,1370,1561,837,717,983
350,1552,1177,26,779,1483
351,203,1130,376,783,1567
352,1973,414,1659,1155,879
353,1480,34,1078,62,877
354,314,1224,1924,916,830
355,1410,826,1734,692,198
356,144,742,1446,694,934
357,965,1166,344,1737,319
358,1097,786,1580,1473,176
359,893,1368,667,1394,764
360,1950,1331,152,362,672
361,1951,1505,1934,1750,719
362,1769,867,1502,209,1587
363,272,1229,414,704,84
364,246,1634,1150,115,1731
365,830,986,1372,2,1678
366,907,207,1245,987,713
367,308,658,1613,724,780
368,958,804,292,852,1969
369,1979,129,571,1561,363
370,1780,1913,664,847,951
371,1308,1389,540,1302,755
372,1388,1599,299,1156,249
373,1931,1693,662,461,273
374,1357,383,855,440,277
375,1837,671,996,31,1508
376,609,549,146,1481,1949
377,765,1228,1370,187,1271
378,1152,803,425,1630,1983
379,1772,30,780,422,611
380,1857,1421,964,993,1944
381,1478,530,681,1513,1491
382,1070,1517,1669,1690,913
383,1428,785,1361,1059,606
384,855,940,1256,1312,21
385,1757,1198,969,1101,149
386,17,238,563,439,1386
387,1523,1742,59,1889,792
388,687,441,846,1974,412
389,1407,1140,1459,1849,1812
390,1790,943,1365,824,598
391,161,1689,244,1026,676
392,1663,518,1227,1179,299
393,1468,683,13,917,1032
394,350,1373,1221,856,572
395,1130,1527,1605,1770,471
396,657,1778,76,1742,450
397,1496,600,1347,1628,448
398,1396,198,88,986,999
399,312,1751,1210,1453,1294
400,1149,1072,1056,974,699
401,1004,1276,730,550,1175
402,407,1569,817,1606,1177
403,860,260,1979,74,325
404,85,433,1503,1354,588
405,1712,1174,543,6,1729
406,1874,384,224,1242,1607
407,797,1862,288,1601,1577
408,120,930,1554,1616,1848
409,1285,1486,1716,560,1621
410,1611,1173,1745,172,1761
411,1943,1834,566,1523,1818
412,116,107,1305,738,293
413,694,1427,1262,1049,312
414,1095,1875,681,1207,69
415,862,1132,1319,418,1349
416,547,1822,436,1907,448
417,1013,1439,695,1550,1945
418,655,108,1148,18,1160
419,270,1817,333,612,1481
420,129,1732,366,768,708
421,1568,519,163,194,1225
422,77,1015,497,473,1574
423,633,611,314,1141,838
424,948,1212,531,270,438
425,196,1105,708,664,312
426,599,295,9,416,1455
427,1233,1195,387,1528,873
428,1094,308,1390,1199,92
429,362,1395,1848,630,758
430,924,400,776,1762,3
431,1442,196,1972,1840,1970
432,260,71,133,1859,374
433,6,1912,461,692,1192
434,1579,265,770,499,533
435,1843,230,786,1578,143
436,23,886,1763,520,321
437,1031,328,1869,797,1219
438,463,116,958,1219,1561
439,1552,1718,1965,1842,988
440,921,100,1529,1437,1707
441,637,1385,87,1221,621
442,999,969,788,1795,154
443,753,32,998,1907,1498
444,757,1816,1559,663,53
445,1873,63,136,954,491
446,904,1961,467,1888,455
447,285,1871,1668,1517,709
448,870,354,975,1246,1902
449,1874,147,463,767,670
450,120,1117,1618,917,1883
451,877,1413,1783,103,430
452,845,542,1621,1934,1323
453,1176,935,1357,1937,288
454,1756,155,1547,1497,1957
455,1860,1439,1671,953,405
456,349,1991,1539,895,1781
457,1300,1385,1648,1914,884
458,1733,242,1728,182,1270
459,1230,637,812,118,1619
460,1367,1830,1447,1715,860
461,1997,1041,530,766,868
462,721,1978,1283,1400,1391
463,231,1375,1302,732,739
464,1804,1023,1283,1132,979
465,387,1135,1763,1594,1844
466,462,1306,1574,802,912
467,1826,901,501,1617,1610
468,1576,1079,135,1012,1410
469,1383,790,1616,788,1802
470,243,1057,477,1754,656
471,1747,1157,1740,1345,4
472,858,243,526,937,759
473,1930,146,368,1436,1852
474,1040,249,805,414,1368
475,1362,1578,88,1119,993
476,1164,34,1630,209,817
477,1925,1585,178,1070,1783
478,1708,1748,406,796,192
479,1294,662,872,495,41
480,486,1975,1568,1023,1644
481,1904,881,1708,64,694
482,1712,1910,1588,1244,1212
483,1422,1085,1711,1028,1828
484,1115,1733,315,428,1940
485,109,1298,1436,718,803
486,21,1674,109,415,41
487,316,89,733,372,1135
488,475,283,1907,457,808
489,1326,1432,1830,425,1419
490,396,1109,792,1671,1512
491,1049,147,934,1433,409
492,1014,1404,538,1798,68
493,739,719,1695,1770,677
494,1717,17,1608,114,853
495,284,936,1685,558,788
496,143,1303,738,196,1407
497,1357,1394,74,982,956
498,935,72,1805,1870,1411
499,903,1831,1561,540,1591
500,178,1528,581,1387,408
501,1995,42,1917,466,1785
502,1137,200,1561,448,949
503,594,1004,1050,697,1534
504,264,682,1681,1451,12
505,410,1174,1227,1031,538
506,630,238,1301,1088,124
507,1981,622,1786,1370,709
508,1753,1320,1519,1228,1230
509,1468,1446,1132,1681,595
510,321,979,180,1548,1473
511,1837,465,720,250,725
512,1135,1310,1317,724,1992
513,931,934,1786,681,645
514,242,1636,768,601,1754
515,1919,35,328,193,1965
516,218,271,583,879,1421
517,823,690,659,1113,445
518,1249,1337,862,1861,1078
519,647,1387,836,1049,1537
520,836,1630,48,144,585
521,1093,1981,476,1489,1012
522,1138,212,1548,1069,391
523,1083,307,419,296,1096
524,1280,1947,348,896,1212
525,474,1,1367,104,783
526,1372,1584,843,639,792
527,1707,1201,539,1285,254
528,1859,172,1141,597,107
529,1145,1183,592,778,847
530,1586,1821,1242,1443,862
531,170,278,89,759,3
532,1367,469,1434,643,1715
533,1202,576,387,224,628
534,638,1949,1558,1471,1971
535,868,1333,510,1209,518
536,1067,851,716,279,746
537,1059,1073,1142,701,457
538,1674,1760,97,1199,1980
539,1385,692,1200,1285,956
540,549,880,1955,1405,1909
541,363,99,1515,374,1874
542,649,357,1248,1725,1071
543,1172,398,1444,1679,378
544,391,108,237,921,1952
545,1546,1184,1165,945,625
546,1780,76,282,86,831
547,662,1486,1024,581,119
548,1684,1528,1475,327,202
549,434,924,420,1698,1195
550,1661,1570,1886,1785,250
551,1576,1729,1514,1538,1651
552,1406,1390,59,402,128
553,316,968,1666,1944,1001
554,1520,849,1307,1446,931
555,1028,334,1557,1153,486
556,1215,1694,816,177,1407
557,1781,1498,818,1810,1367
558,1584,1016,108,1256,1074
559,704,32,1828,1593,364
560,212,1736,969,1676,27
561,101,515,1041,513,1971
562,1783,1673,976,642,898
563,1195,413,1897,1316,111
564,214,280,1473,405,406
565,1137,1324,422,346,246
566,1825,451,899,1280,1898
567,1923,129,1627,1115,825
568,1351,438,1132,1063,1242
569,31,1685,1784,1301,175
570,21,266,1544,707,1128
571,1406,613,1895,1810,1090
572,198,1416,1966,1811,202
573,542,1350,1756,53,1765
574,1500,1849,434,1074,171
575,1295,534,784,546,188
576,1904,746,1931,1569,1370
577,1973,1821,47,266,227
578,230,1608,977,1626,1875
579,338,1673,1544,950,833
580,602,1176,629,1783,1143
581,633,1753,403,468,836
582,136,186,1918,466,363
583,246,125,1887,346,1865
584,1233,568,1848,1103,88
585,1270,741,203,711,1492
586,730,207,578,1679,744
587,500,1445,1553,1250,1327
588,1155,914,280,1782,1444
589,594,1946,1683,1606,406
590,1308,1088,1465,1941,1247
591,1653,1335,1621,1092,298
592,194,1515,1576,848,568
593,418,903,133,1675,1416
594,1065,284,775,1135,110
595,1277,1753,718,1936,1658
596,208,1476,723,1955,1697
597,1530,534,594,876,912
598,1007,437,715,1048,565
599,192,683,378,1324,776
600,1589,532,1418,1667,1711
601,1517,1041,1390,1954,1845
602,1761,801,407,170,1155
603,592,467,223,1565,1774
604,218,624,641,1076,85
605,489,1660,1950,1879,926
606,1971,1979,1119,406,1008
607,1649,445,732,938,1538
608,675,1972,714,1130,159
609,1324,996,1194,1683,1397
610,453,770,169,59,1738
611,720,1394,20,1393,1944
612,1476,1069,1037,303,1884
613,226,207,519,309,687
614,1087,974,1287,487,1620
615,1643,1920,1621,591,1878
616,1626,1879,1147,1561,1083
617,1847,1432,1278,1518,1776
618,1994,1681,382,1387,131
619,536,449,838,1306,274
620,1370,1437,1410,1586,1517
621,882,90,281,1276,956
622,1958,1324,72,1577,493
623,1522,1426,174,562,1640
624,685,1450,1793,1645,1986
625,762,1536,492,1846,952
626,1659,970,306,853,1257
627,1508,834,968,160,1450
628,1017,606,1880,1393,1939
629,527,903,264,211,781
630,561,43,1922,1984,1247
631,735,686,562,937,543
632,1156,274,1801,1146,1374
633,397,676,617,114,225
634,1072,1011,1697,1829,1818
635,829,477,1876,971,1979
636,1904,662,153,419,1722
637,249,123,288,1745,863
638,188,1548,36,1244,1451
639,1744,508,1413,1005,544
640,1146,162,1239,1889,368
641,900,151,763,1666,1752
642,657,352,881,303,812
643,195,1151,507,1582,1870
644,1460,1249,1704,965,1505
645,52,389,339,956,1463
646,1104,1210,426,1008,169
647,415,108,48,1027,971
648,896,512,641,175,838
649,812,332,228,870,1049
650,1041,1224,1947,615,274
651,1910,372,653,25,1709
652,1819,1788,1114,1991,1569
653,643,1327,1355,1809,565
654,370,1576,865,29,1489
655,505,701,726,985,1164
656,1410,716,504,861,1418
657,651,304,676,1647,1093
658,1056,1002,1814,1014,1226
659,1737,29,1651,1016,1896
660,1928,915,334,346,1077
661,50,1429,877,1192,1547
662,1343,1450,1349,493,1315
663,1176,395,739,913,1666
664,1505,810,1941,781,1903
665,1607,496,397,354,930
666,1187,866,1291,1948,308
667,87,723,1214,979,1450
668,741,1738,851,1419,90
669,350,1444,1026,382,287
670,1250,1734,1357,1587,312
671,1515,254,575,89,1149
672,721,1794,631,1157,251
673,1693,1576,732,446,1936
674,613,1241,1179,1373,746
675,1641,1211,353,1285,1669
676,1607,1176,1063,1926,70
677,1131,1944,1061,1303,1786
678,402,1158,1473,1348,418
679,1527,880,1288,1409,38
680,1714,1987,1992,1313,1090
681,881,1939,289,890,442
682,999,1842,966,1747,732
683,1372,660,1866,1798,874
684,1936,1481,3,1127,143
685,895,778,1479,688,870
686,541,150,1983,1929,735
687,1817,337,1813,1981,378
688,1324,310,581,1292,816
689,1011,783,1558,1212,1353
690,1475,488,1236,1760,1850
691,1430,37,547,1682,1027
692,1673,1235,1037,402,972
693,1923,1838,638,1978,855
694,493,619,1989,1252,1748
695,654,1830,1749,740,1966
696,1267,887,1713,1881,1457
697,393,1700,1370,821,747
698,1604,615,901,585,1886
699,1444,1857,1424,1756,1209
700,765,1858,1729,701,820
701,779,141,1048,1470,294
702,1513,1432,1414,391,1348
703,1805,909,1962,412,833
704,311,853,1026,111,1293
705,1163,1825,1903,786,1640
706,1154,382,1126,1927,1855
707,62,1378,1195,591,225
708,1050,1133,102,719,1763
709,58,838,1244,675,287
710,1601,616,1451,176,420
711,1785,214,52,1349,755
712,1520,99,1124,101,909
713,567,1469,1919,738,1206
714,1908,1229,1215,1556,708
715,1314,1048,1421,131,979
716,809,847,1356,294,159
717,1210,1242,1213,716,1427
718,767,115,1288,1442,1296
719,1686,953,29,827,1252
720,1688,1997,192,729,1086
721,753,352,1647,1652,1756
722,1653,1201,623,1866,1185
723,1600,1242,1814,1370,15
724,218,582,1096,363,663
725,117,1098,514,974,754
726,581,1431,299,1036,1918
727,652,358,721,370,661
728,1922,218,548,1654,1654
729,217,1173,244,456,1537
730,33,1053,508,58,44
731,203,860,1980,343,1562
732,687,1550,826,355,1767
733,54,168,1777,1363,17
734,1863,1372,1009,1159,1849
735,1982,532,344,463,635
736,474,714,1336,913,851
737,1277,716,1232,383,24
738,1288,563,1300,841,1771
739,59,374,1823,1167,150
740,1747,1178,328,1767,1729
741,1981,1126,366,1136,691
742,193,1377,635,1494,1694
743,1228,12,1722,1854,371
744,1104,705,1324,616,1646
745,1495,1712,513,1216,1751
746,375,922,697,580,51
747,1358,483,639,1316,298
748,53,1078,1827,1761,816
749,1974,1586,346,1341,381
750,580,1803,1554,524,1254
751,1937,1256,1426,1389,107
752,1532,995,1419,1211,620
753,1121,718,362,242,1128
754,1986,1343,840,343,1548
755,1826,1724,291,1513,172
756,905,861,139,974,1090
757,1887,1475,1273,1564,1373
758,314,1674,407,194,291
759,848,1563,374,1126,166
760,780,94,1164,1033,109
761,1247,1679,1203,1102,1803
762,1838,1366,470,1169,20
763,2,1160,701,980,346
764,514,685,1171,696,1197
765,1935,155,167,1118,1106
766,1888,1517,1545,1041,1484
767,808,347,179,700,230
768,285,1827,356,525,931
769,1440,1293,1695,963,684
770,402,1581,1450,906,673
771,591,368,647,1780,51
772,431,45,1898,1744,672
773,110,48,1019,661,836
774,1054,1477,1520,1276,939
775,1495,1811,1094,1298,1134
776,1029,1364,301,1032,1728
777,1461,1967,1607,1979,235
778,295,320,1225,1002,553
779,1658,1218,1805,553,299
780,1788,654,398,863,1546
781,985,506,625,239,252
782,695,1072,945,103,1010
783,1495,1494,1893,928,1623
784,858,1976,961,697,255
785,1753,364,628,1652,1180
786,884,1574,95,220,425
787,621,730,594,208,1199
788,975,1987,922,1300,893
789,411,1414,283,1224,787
790,1315,1982,732,687,705
791,306,500,1158,20,1640
792,1897,59,1801,1550,739
793,741,271,966,696,59
794,942,341,530,1504,1068
795,99,1656,1252,584,687
796,121,1442,792,175,582
797,1562,754,350,1773,1804
798,680,553,851,352,16
799,255,986,482,956,496
800,1482,1918,133,306,131
801,1778,1354,1803,736,1465
802,1945,947,1407,1627,1457
803,1701,166,94,1161,1583
804,1379,1371,1755,1618,335
805,126,628,1735,704,674
806,1450,1203,869,351,849
807,1926,414,268,818,1643
808,1215,1199,384,17,111
809,1507,839,1773,1698,231
810,273,565,1194,838,354
811,906,1097,390,823,1145
812,513,954,1809,438,652
813,957,1211,1604,191,1739
814,16,1956,1982,1395,1265
815,1749,415,4,957,872
816,1710,111,1791,41,54
817,717,637,1804,300,1966
818,1346,1799,1076,1233,1897
819,447,1424,655,1069,390
820,1045,1093,592,1055,1117
821,1870,163,627,1812,1250
822,236,494,700,1418,66
823,735,761,977,249,1735
824,1441,1443,352,1587,145
825,1270,1816,361,490,626
826,789,681,1495,605,1578
827,518,1082,1942,1336,1774
828,493,1598,301,186,268
829,545,510,158,867,656
830,566,1103,1119,1812,81
831,1644,1071,1878,1755,1107
832,690,1423,926,1345,412
833,1334,1977,322,432,1699
834,696,823,1412,260,1857
835,1663,1035,749,1204,1253
836,1356,991,1775,1926,286
837,280,516,203,1669,785
838,1748,1604,1783,502,1456
839,1343,135,568,1969,33
840,1638,540,396,874,653
841,772,1699,1398,812,644
842,1514,279,1488,1279,665
843,125,277,1015,1032,568
844,1243,1667,1372,825,1965
845,242,269,1820,1667,160
846,523,643,1903,376,1653
847,195,1109,1974,261,80
848,490,220,1986,8,832
849,1361,1176,1175,1868,673
850,1298,688,1115,197,195
851,507,809,682,1405,212
852,1023,1383,831,682,928
853,162,1377,118,183,28
854,690,1422,1064,509,1332
855,1366,551,321,1585,1474
856,1100,825,1353,1414,646
857,1541,351,146,1135,484
858,449,1560,137,233,1167
859,887,584,865,545,1264
860,295,1553,1671,1235,452
861,915,171,607,989,778
862,877,845,1436,965,1458
863,1491,368,1004,1907,306
864,1062,1214,1130,21,400
865,1088,1121,291,1768,276
866,599,1726,1903,169,1438
867,677,1754,1153,548,928
868,473,170,1247,1453,915
869,747,1387,1219,1343,760
870,1834,1867,1789,408,1742
871,1051,715,1061,1170,837
872,1971,997,1588,385,1668
873,478,1603,863,1183,401
874,1479,229,1058,1397,1063
875,397,181,794,606,776
876,1180,1774,1810,1645,1678
877,438,632,90,1497,1047
878,1733,176,709,1398,11
879,1738,1385,1745,865,811
880,1963,371,985,1274,932
881,1583,1052,1304,1477,716
882,1662,1371,1777,695,1827
883,1024,1586,413,786,673
884,325,1042,1115,15,395
885,345,1363,528,1563,255
886,1412,18,661,1284,1279
887,237,1782,1948,1202,1169
888,1263,330,347,1128,1662
889,1568,1154,850,919,24
890,1406,692,855,1368,722
891,730,1563,939,1192,1599
892,577,1779,1209,716,1745
893,395,1018,1155,1054,732
894,622,1770,643,795,1144
895,101,237,370,1291,947
896,1919,343,1534,1897,1364
897,918,318,721,533,867
898,1795,1237,145,56,1470
899,111,1322,1051,749,67
900,1412,1534,1047,256,1173
901,1348,1129,923,456,1453
902,609,1885,1042,457,1363
903,306,487,1574,904,295
904,266,1487,823,916,1345
905,1591,1350,1177,1367,1061
906,1525,424,162,1580,1615
907,1964,1776,401,1421,341
908,1341,275,936,5,634
909,1811,716,473,1283,774
910,1420,1150,362,940,1589
911,1837,633,1445,341,1058
912,1797,700,976,1146,303
913,1301,726,1175,1713,1590
914,97,674,403,1704,1043
915,175,278,919,725,1331
916,1194,1291,1864,1121,410
917,361,330,1291,403,1514
918,1454,1945,1951,1618,223
919,54,460,1116,230,1301
920,1423,772,577,103,1411
921,1174,862,331,201,1460
922,1968,1896,655,227,323
923,716,22,89,1263,775
924,1506,1259,1516,223,1794
925,852,1971,851,1568,1291
926,483,1355,716,641,1862
927,737,1133,1148,1135,1177
928,1954,407,281,1209,1846
929,1179,105,814,320,1481
930,1373,199,1795,922,1297
931,316,1305,1019,1540,1760
932,1561,466,204,852,39
933,990,618,427,1878,1382
934,438,14,923,356,1338
935,1079,911,1240,1971,430
936,216,238,1208,1691,1000
937,985,624,1513,593,1251
938,1578,683,352,502,76
939,1093,413,517,438,1672
940,1357,52,1644,905,1978
941,71,523,151,1209,1894
942,1023,1108,1427,1222,1636
943,107,917,388,193,993
944,1222,197,528,1340,987
945,511,822,231,1932,993
946,1759,1846,1373,1591,195
947,744,194,1452,776,254
948,607,507,1105,1755,595
949,651,899,1872,587,1482
950,557,1563,1976,120,9
951,1250,350,560,759,1013
952,1559,190,706,1476,1538
953,707,542,912,1475,1120
954,372,1836,1904,1356,1284
955,1653,1528,290,1675,565
956,761,1292,665,1220,1109
957,695,896,1255,1713,1583
958,1858,1068,539,1312,908
959,490,377,1857,1578,1643
960,191,88,1124,1295,1226
961,1453,1116,1401,1154,1893
962,167,1049,412,743,1357
963,1282,368,1710,718,463
964,263,211,1874,678,1170
965,1205,906,147,951,891
966,1416,1441,4,1162,840
967,618,1179,426,1192,1525
968,1533,695,413,280,1833
969,1595,731,1507,421,1502
970,1847,1320,224,1846,1794
971,115,944,1769,1638,1123
972,86,1216,318,308,860
973,1253,1537,1827,210,1110
974,1603,1920,664,543,810
975,1698,1710,775,171,1208
976,1297,744,1317,1676,1467
977,274,727,462,222,473
978,32,1635,284,1007,911
979,596,736,518,803,1813
980,754,719,27,333,1763
981,1347,143,1229,982,401
982,1404,1685,61,1341,842
983,1997,1682,422,330,1978
984,159,1890,1178,1532,1884
985,1050,677,1299,1123,527
986,1586,1193,1529,884,1304
987,1387,1848,817,1560,1830
988,1660,1192,128,956,1924
989,1856,1872,979,770,1042
990,1454,1454,1855,1973,61
991,1809,772,1822,893,1457
992,1998,388,454,360,1007
993,158,1751,1662,659,1787
994,1299,820,1718,1187,1464
995,291,507,1896,719,1888
996,791,1340,568,1792,974
997,1498,1899,766,1007,1536
998,1892,271,1777,1469,66
999,659,1886,1781,1006,1549
1000,847,1200,1481,865,889
1001,1859,1374,1280,1592,793
1002,751,1216,1825,704,1927
1003,863,1786,250,1937,163
1004,748,1779,1328,1538,913
1005,1582,140,180,1386,1345
1006,773,433,488,721,1647
1007,994,1307,305,387,1521
1008,1628,1018,1260,769,1419
1009,1354,1404,395,107,1312
1010,1262,725,1962,1656,496
1011,866,712,1981,982,1586
1012,203,313,74,815,963
1013,174,1948,1889,1747,1937
1014,1516,1874,410,1032,1088
1015,492,1275,1543,788,1758
1016,237,146,1231,596,1492
1017,250,751,1679,1399,1196
1018,146,1163,1509,378,1045
1019,798,1167,1327,1383,397
1020,1922,1052,1307,1654,1689
1021,1636,1435,1835,917,236
1022,22,1227,1935,1316,308
1023,447,1894,174,1298,859
1024,15,903,14,1962,1914
1025,474,210,259,1484,827
1026,1084,762,67,469,58
1027,344,1239,555,1957,727
1028,1523,209,981,1025,282
1029,705,200,1143,816,38
1030,571,222,1815,1989,1705
1031,803,1405,1277,1710,1069
1032,1355,1157,707,1239,234
1033,553,537,1606,33,1917
1034,1125,872,1304,1159,1722
1035,137,1153,1067,459,1185
1036,259,1080,884,833,63
1037,470,1185,1294,314,1564
1038,1311,832,888,505,220
1039,1859,1254,1097,1028,1682
1040,1961,1954,938,6,300
1041,1214,695,14,950,231
1042,267,208,642,1587,1510
1043,246,281,132,1165,1394
1044,1982,39,1033,133,1637
1045,1035,205,732,22,289
1046,1805,593,1259,175,1091
1047,1760,1750,504,1422,768
1048,1842,79,502,1730,1396
1049,729,810,1226,1225,1874
1050,1124,1176,677,1408,722
1051,820,251,1849,1126,1959
1052,1567,849,369,1887,1679
1053,252,1348,1987,36,1580
1054,431,1289,478,186,427
1055,1073,365,1384,1443,42
1056,868,282,1029,348,403
1057,477,1144,635,881,1086
1058,653,256,22,1437,1715
1059,325,1335,262,613,1182
1060,750,1520,574,1458,247
1061,503,675,821,179,1058
1062,332,226,1252,1900,759
1063,719,1995,1392,436,1762
1064,1984,37,179,1082,1059
1065,1278,1631,1025,1110,1109
1066,1883,1217,1797,1378,1783
1067,412,431,1083,261,417
1068,1163,1778,1516,1723,1615
1069,1671,133,1672,1226,537
1070,1371,549,526,1887,1048
1071,1530,689,1901,1043,865
1072,79,1457,693,158,796
1073,569,1249,556,1126,1389
1074,861,1493,26,1792,1684
1075,345,580,1945,1327,1773
1076,711,705,1765,1567,394
1077,1724,443,371,943,1049
1078,1840,1864,1048,1272,1169
1079,1293,262,1818,1460,1184
1080,650,1743,882,1756,10
1081,536,535,1648,484,1912
1082,241,149,780,881,52
1083,1035,592,265,52,812
1084,862,693,417,453,388
1085,774,508,866,1267,829
1086,1686,51,561,563,1097
1087,1763,986,730,1243,669
1088,562,1766,420,719,522
1089,1710,204,19,388,674
1090,78,1961,263,682,1737
1091,1624,1258,1884,447,152
1092,1949,841,1472,1502,1587
1093,303,699,1852,875,579
1094,1114,1021,1463,584,478
1095,933,1268,773,91,1789
1096,1299,775,643,363,966
1097,384,1292,1919,452,486
1098,1466,141,1922,688,1952
1099,294,90,404,952,538
1100,1293,1020,639,1996,1439
1101,1212,1994,1888,406,544
1102,19,816,474,996,1361
1103,82,728,446,1854,40
1104,209,872,70,329,415
1105,360,1395,1856,1781,1720
1106,688,1153,396,840,1598
1107,480,453,423,863,364
1108,914,73,1253,452,1398
1109,96,1511,1086,1591,1333
1110,270,158,870,850,1793
1111,774,441,852,369,1362
1112,1977,50,1849,1403,605
1113,1717,763,125,1292,1810
1114,1585,1706,962,631,64
1115,719,1822,501,1122,1777
1116,1899,280,1361,773,581
1117,1481,771,1001,1412,1813
1118,725,348,219,367,709
1119,1119,102,1663,179,729
1120,1777,1348,208,1769,1333
1121,605,1660,1944,1726,742
1122,360,1864,1795,752,1643
1123,1311,517,1238,1736,1671
1124,824,414,1742,791,882
1125,877,1799,1232,97,1619
1126,1700,996,650,405,14
1127,1782,771,1524,1486,748
1128,257,999,1026,1330,150
1129,65,1949,1243,1218,1962
1130,647,1343,816,1058,1607
1131,992,911,844,729,732
1132,1907,319,631,873,1163
1133,1591,906,165,1010,1272
1134,448,1343,1550,1740,234
1135,1116,664,1834,312,975
1136,1908,1336,699,917,1813
1137,1879,314,528,666,453
1138,508,469,167,963,1952
1139,906,868,1588,837,1057
1140,1758,822,844,1888,431
1141,632,73,60,324,1946
1142,1337,770,1133,1909,1731
1143,351,108,621,1688,372
1144,1518,891,300,1686,1798
1145,1933,1129,1988,1556,622
1146,1369,1931,1262,1992,1702
1147,1644,129,1831,1524,300
1148,1515,1425,1163,1229,1195
1149,1945,1901,430,1899,1276
1150,1165,899,1571,1259,849
1151,249,663,727,480,447
1152,1151,300,59,1620,1902
1153,542,4,97,155,47
1154,204,1005,230,1109,1019
1155,345,1872,898,873,206
1156,1770,437,274,748,1696
1157,956,519,1303,1089,1640
1158,205,562,355,863,1376
1159,1907,1273,1771,1204,1697
1160,765,804,1511,39,303
1161,564,904,492,1061,103
1162,310,931,1013,1453,1897
1163,862,1167,1988,864,544
1164,914,1048,1510,12,1456
1165,1967,1976,1700,1464,1061
1166,1222,1276,1475,1566,511
1167,190,1691,1136,1833,270
1168,104,1553,1969,1890,207
1169,1972,1414,1301,1074,196
1170,751,1848,954,1103,180
1171,62,165,628,1518,67
1172,1102,1214,63,1084,1327
1173,1655,1063,1977,850,611
1174,1474,4,1483,1007,309
1175,564,1603,70,1283,1340
1176,365,839,400,452,1742
1177,1482,1811,657,1882,1456
1178,1816,627,1141,1460,1512
1179,1144,654,262,107,936
1180,975,1606,312,573,1180
1181,1042,892,395,1007,89
1182,925,1920,943,864,1556
1183,27,1971,1888,1709,1417
1184,1481,525,1444,124,395
1185,982,1667,1793,362,1461
1186,812,330,436,393,35
1187,841,582,130,536,446
1188,762,558,458,1982,866
1189,148,1074,688,645,1163
1190,863,1575,658,86,227
1191,1828,1766,523,1616,1927
1192,1928,1827,659,1206,1368
1193,707,17,195,472,283
1194,631,543,1222,1638,1101
1195,464,32,1470,56,1794
1196,1798,112,14,616,1243
1197,202,877,428,230,558
1198,1947,28,1159,779,1484
1199,125,1203,316,1875,852
1200,380,1652,450,292,801
1201,1857,1033,239,1299,39
1202,1209,1320,1868,1557,1944
1203,292,88,1384,1011,41
1204,187,1573,1644,478,1457
1205,121,242,121,1232,1336
1206,1453,165,1516,822,1695
1207,1527,586,1380,1451,821
1208,29,1721,1401,1678,1619
1209,789,1979,1184,132,899
1210,1708,928,1900,891,988
1211,1719,1021,1735,269,690
1212,144,510,1444,244,1524
1213,1338,854,91,289,916
1214,1434,1813,29,488,914
1215,387,1991,1031,1099,589
1216,552,85,295,1559,1541
1217,679,1902,1227,302,1115
1218,718,1958,862,89,710
1219,779,203,1865,1266,1982
1220,1842,284,260,257,644
1221,1577,1357,1322,1439,497
1222,194,1172,1531,174,1316
1223,1000,1170,1792,1986,1595
1224,958,281,1574,902,491
1225,1049,236,1135,1031,533
1226,1052,1311,183,22,1547
1227,1837,1186,1874,1315,445
1228,1817,1120,1644,1754,1683
1229,469,471,613,33,1960
1230,726,1452,418,626,424
1231,251,521,622,238,1058
1232,135,1112,449,521,648
1233,133,1536,1033,472,960
1234,57,766,444,1879,489
1235,386,1914,518,587,1171
1236,736,1638,1283,1661,1246
1237,589,1829,406,1483,286
1238,7,1110,491,811,1878
1239,1774,1774,1301,1954,10
1240,980,1270,1750,1216,1347
1241,920,997,408,1966,19
1242,1917,580,1534,825,1919
1243,525,1471,582,334,1082
1244,1651,998,1497,699,1314
1245,435,1411,1167,1006,1306
1246,589,170,1813,723,1283
1247,1358,1151,1625,450,1615
1248,738,160,109,1057,1497
1249,582,1805,1587,56,1106
1250,504,125,425,90,1455
1251,3,822,1586,898,340
1252,840,747,1994,908,754
1253,1115,1824,1528,1717,1149
1254,814,904,122,299,326
1255,709,742,1810,1262,639
1256,1111,834,683,1951,1374
1257,1099,1494,1154,1973,1953
1258,4,1277,781,1140,667
1259,1257,1583,1343,1022,1212
1260,1393,881,167,1433,839
1261,815,1974,1870,1481,36
1262,178,127,874,965,816
1263,73,1319,1359,1530,1857
1264,179,1209,829,198,1745
1265,898,246,447,1392,658
1266,311,157,1333,1731,1302
1267,72,1884,1458,1556,778
1268,95,1732,1097,153,1212
1269,1669,1792,1943,1114,1126
1270,1717,994,1620,796,1991
1271,1569,535,577,1769,1395
1272,439,1802,932,1630,396
1273,1372,1384,1129,917,883
1274,1258,1053,1897,1831,1906
1275,1682,755,1336,1853,1401
1276,1667,11,440,909,1988
1277,1527,886,503,73,1839
1278,937,778,907,670,564
1279,1443,156,862,377,654
1280,864,1092,533,189,348
1281,838,115,1384,789,39
1282,1662,1951,288,963,1788
1283,1154,1543,1247,1962,1059
1284,1335,956,1870,1850,95
1285,309,1280,1610,1948,298
1286,1060,1236,1814,1448,1763
1287,566,1087,1085,1355,32
1288,78,299,367,887,483
1289,212,1537,988,603,1884
1290,1210,834,86,1543,493
1291,628,206,1770,369,1958
1292,1587,293,1981,1570,1802
1293,1448,1595,562,796,1044
1294,486,900,77,1093,1429
1295,1144,749,905,700,315
1296,1701,754,1078,733,267
1297,526,451,495,554,1751
1298,1766,1935,1948,1866,198
1299,1717,1615,1485,1372,1657
1300,1751,250,652,1489,1210
1301,1909,980,274,1442,594
1302,1686,338,827,56,343
1303,1487,1556,791,938,1836
1304,1002,544,1111,149,826
1305,1219,1093,916,1668,1623
1306,1404,915,1419,1781,985
1307,243,98,47,49,49
1308,1563,1398,957,746,1642
1309,835,1289,1231,247,882
1310,907,1358,1881,485,300
1311,1286,1482,314,123,1669
1312,59,1450,1264,1726,1216
1313,641,1990,151,1310,943
1314,435,1780,1496,1482,1349
1315,1156,1944,762,1004,432
1316,656,1729,1426,1037,113
1317,314,297,1134,164,776
1318,1838,394,344,1018,1008
1319,251,1328,1350,652,479
1320,88,1921,1099,1959,1592
1321,702,1058,275,419,257
1322,903,1110,1481,873,1342
1323,1604,418,984,270,642
1324,1182,1729,621,1179,1536
1325,1153,1182,340,722,280
1326,390,1651,994,1238,273
1327,410,148,106,847,91
1328,1030,1976,1048,957,437
1329,251,1587,429,930,1629
1330,576,686,1656,1202,640
1331,73,1290,1300,336,1646
1332,1924,345,1785,1316,1352
1333,892,381,1410,737,929
1334,1374,1417,374,723,715
1335,1731,148,1017,1680,1307
1336,850,1902,1007,984,743
1337,1286,499,1328,747,754
1338,1375,1759,1112,149,120
1339,1002,1180,237,243,1561
1340,1637,363,849,755,109
1341,1216,593,1508,147,518
1342,72,919,1583,923,1123
1343,163,496,1294,632,1873
1344,695,132,1198,1775,593
1345,777,1959,600,1081,853
1346,1747,1694,917,930,1509
1347,1834,1019,1171,724,1556
1348,1493,1863,522,335,1370
1349,1437,1959,698,1989,1438
1350,544,1428,1463,439,371
1351,1705,1505,1866,1785,1192
1352,1348,1602,1932,1498,1069
1353,1247,1590,1076,633,830
1354,381,1138,623,1817,1065
1355,355,155,672,1192,1744
1356,476,904,1885,1602,1165
1357,962,1377,1410,1865,95
1358,1491,1032,1423,1833,1587
1359,1024,1144,1261,172,1338
1360,1565,1366,339,1361,899
1361,695,573,1775,1968,59
1362,1868,264,1106,378,615
1363,1232,1275,1850,332,45
1364,1503,1221,549,1641,968
1365,1303,1485,1278,1331,904
1366,138,1907,1797,789,1065
1367,1179,100,401,341,1268
1368,1281,344,334,1607,1926
1369,1107,448,1995,924,559
1370,368,1590,842,756,855
1371,1574,292,698,222,334
1372,681,877,905,1915,1774
1373,300,1306,1938,159,1534
1374,800,111,288,1163,1663
1375,1309,676,1774,1763,1680
1376,1284,321,474,909,1129
1377,87,1981,332,1031,741
1378,763,962,1369,745,1792
1379,762,755,340,1655,1288
1380,293,507,804,1891,1343
1381,614,1274,778,791,1339
1382,1790,1850,37,1962,1292
1383,233,582,650,89,759
1384,991,1803,1623,1646,1536
1385,600,1809,1649,27,1150
1386,1933,1283,1271,406,169
1387,1140,897,1988,1536,1540
1388,759,726,745,902,20
1389,1574,59,663,68,1887
1390,1107,828,600,950,50
1391,1123,481,215,716,1152
1392,1369,920,1902,1999,513
1393,250,131,1884,1127,19
1394,1162,952,1106,34,484
1395,231,1599,312,781,1973
1396,1680,587,970,1878,768
1397,158,1593,1190,1775,664
1398,1524,1184,991,240,1413
1399,1840,713,468,1686,1500
1400,1478,1295,1428,519,926
1401,495,1520,755,1032,491
1402,1183,1976,564,457,163
1403,63,1953,1113,1456,596
1404,1480,199,472,41,1495
1405,304,1165,241,117,891
1406,436,701,735,232,352
1407,1568,209,1898,1157,1697
1408,1836,1009,1899,1765,1125
1409,605,575,939,875,805
1410,477,366,1168,165,883
1411,1635,1280,1415,35,962
1412,1789,954,1601,871,196
1413,1401,798,302,854,1786
1414,903,1750,486,1391,276
1415,403,107,1862,904,1871
1416,413,839,1842,1169,83
1417,126,1099,596,221,455
1418,162,1564,108,1491,619
1419,403,578,1692,1681,26
1420,523,1380,974,1573,1778
1421,757,467,14,1213,1510
1422,1197,6,468,1007,1179
1423,1423,928,79,1818,613
1424,1783,657,1150,1340,1533
1425,372,82,1000,1461,220
1426,935,922,306,873,1973
1427,1450,1705,476,253,707
1428,1854,208,199,517,621
1429,1711,645,1708,1951,720
1430,1601,1654,440,800,1696
1431,1530,1915,1627,275,1415
1432,267,881,1152,659,1344
1433,921,1448,1145,1102,1831
1434,1417,1447,1522,1531,1069
1435,1489,193,986,846,947
1436,105,567,813,1554,653
1437,63,727,1269,1975,1727
1438,845,855,12,1769,936
1439,502,1721,1373,702,1924
1440,1143,1238,1605,929,776
1441,1778,1941,1701,1495,621
1442,60,58,489,1761,1367
1443,1558,1305,1618,1093,1560
1444,91,362,491,234,279
1445,942,570,329,1255,143
1446,1685,411,389,681,138
1447,495,1124,1051,1230,280
1448,1117,1222,871,1868,860
1449,1763,1379,1841,947,966
1450,1644,76,1345,1831,559
1451,1997,279,1162,609,1419
1452,712,988,319,1320,1497
1453,328,1942,1324,1497,911
1454,1542,1831,680,628,1472
1455,331,333,680,849,1878
1456,1496,1469,1439,1669,444
1457,355,1665,1317,1348,904
1458,1360,570,627,687,1897
1459,1078,56,595,271,1329
1460,245,1968,1873,326,1119
1461,1471,1024,1327,909,803
1462,1215,175,54,1243,404
1463,1713,569,1864,448,902
1464,1233,1697,1440,415,344
1465,694,462,1788,298,875
1466,461,1441,479,249,1179
1467,1356,498,1944,135,548
1468,488,267,931,1651,48
1469,1641,754,1542,1105,990
1470,239,1921,1246,1559,1244
1471,103,1408,363,1209,1571
1472,1088,449,76,948,1875
1473,1540,1530,600,1544,934
1474,1210,94,482,498,1940
1475,927,1515,1673,240,1020
1476,1600,1902,479,68,1173
1477,1065,1730,1162,1345,1721
1478,1540,1545,112,1105,1498
1479,1818,995,1730,536,1588
1480,1195,1481,31,75,32
1481,959,688,1167,1517,1454
1482,127,1262,1054,720,513
1483,3,157,790,536,109
1484,582,689,847,196,1905
1485,1204,1585,1397,1043,986
1486,1655,377,442,1176,302
1487,1666,1334,373,1991,70
1488,78,1530,1859,504,282
1489,602,937,1089,1722,924
1490,339,438,245,1024,591
1491,1805,876,932,12,1996
1492,1068,1722,68,173,268
1493,516,1519,550,1557,786
1494,1909,418,149,658,1691
1495,1111,1960,1897,1086,735
1496,1606,1722,795,877,612
1497,435,173,838,1501,561
1498,1393,234,1267,805,1588
1499,19,612,709,853,1100
1500,1507,1515,1104,336,469
1501,324,1634,171,1555,964
1502,208,1347,1303,1825,798
1503,629,22,472,1532,1587
1504,1480,1589,1273,1730,1076
1505,1743,1157,1003,438,491
1506,130,490,1810,523,1113
1507,206,1226,474,827,791
1508,986,1377,917,929,921
1509,254,1827,43,1744,838
1510,1858,96,1986,105,1447
1511,57,1968,1008,307,703
1512,1596,1276,327,364,130
1513,524,811,1317,574,598
1514,508,1111,1379,1824,1723
1515,1913,326,1213,1435,1753
1516,1793,7,1674,388,338
1517,968,1016,1742,1198,1484
1518,126,504,1472,1850,1534
1519,1295,1196,1747,847,1203
1520,694,416,333,1017,1740
1521,1267,298,1005,784,752
1522,1062,1771,967,1192,1298
1523,715,952,1669,1521,708
1524,1833,1744,93,1555,1778
1525,1800,1308,839,356,1221
1526,239,1970,920,741,1700
1527,1602,628,1844,444,1966
1528,1149,1679,683,633,1983
1529,332,1171,228,805,1363
1530,1584,591,1164,1840,860
1531,215,292,1131,1756,325
1532,1049,1656,813,1308,1556
1533,1305,268,1784,917,76
1534,461,1916,1382,893,1499
1535,600,244,466,1003,401
1536,1364,1086,1549,1229,359
1537,1601,1411,1328,854,1452
1538,1126,964,474,1888,1674
1539,1080,1804,1620,864,575
1540,784,1649,1773,1330,22
1541,1780,562,360,1089,1670
1542,1390,83,1695,1343,734
1543,1074,1469,1306,1392,404
1544,676,1859,777,315,445
1545,1777,403,1141,1555,1819
1546,1509,854,1185,1931,109
1547,1020,1756,74,1576,208
1548,922,391,910,261,130
1549,353,1393,1212,809,1713
1550,1239,410,1886,1385,891
1551,1658,417,5,451,742
1552,1968,158,900,422,1028
1553,1660,9,1809,696,18
1554,1172,694,1906,1064,1385
1555,550,1122,366,964,1044
1556,1136,525,244,639,208
1557,1553,1651,1755,688,1865
1558,692,1199,1595,207,1573
1559,1508,597,650,1960,1935
1560,851,241,1956,1251,1238
1561,915,354,1130,707,1050
1562,1633,1840,1838,794,1839
1563,931,1288,446,321,569
1564,432,1799,599,1050,1450
1565,503,255,1158,1915,1515
1566,1274,1075,1679,1561,867
1567,606,827,1840,1704,1655
1568,1286,805,1065,296,662
1569,234,1354,1229,78,174
1570,745,1496,1962,1644,612
1571,714,222,1519,1382,410
1572,1050,585,1262,1438,1057
1573,1951,78,919,418,131
1574,1382,123,1108,582,1082
1575,309,588,1350,1285,1156
1576,548,132,316,1791,324
1577,1275,1053,607,566,112
1578,1152,9,1153,576,1791
1579,1265,1912,139,1643,26
1580,942,49,254,354,326
1581,556,299,705,537,1406
1582,1132,1618,556,1400,670
1583,1206,35,501,1792,725
1584,1753,173,1047,1701,676
1585,947,966,883,815,362
1586,366,1099,915,196,1890
1587,1317,1077,438,1228,125
1588,822,974,474,728,1590
1589,1385,618,977,296,1310
1590,166,313,1599,24,297
1591,1600,551,241,982,763
1592,546,201,5,83,988
1593,672,1580,991,1101,1766
1594,1859,1035,1958,182,216
1595,1917,1671,29,1496,1992
1596,1797,1515,196,750,752
1597,245,566,1476,1436,27
1598,1512,262,1429,1,1716
1599,217,298,380,1510,1447
1600,718,889,1917,1377,1785
1601,1934,615,1335,1796,374
1602,1918,749,394,129,359
1603,116,358,1559,925,631
1604,1496,1518,16,1873,621
1605,882,1251,1932,784,1313
1606,566,200,1408,424,1157
1607,1552,1551,1163,1070,1473
1608,1995,406,253,964,808
1609,38,1250,1258,927,998
1610,683,1281,803,246,142
1611,1195,58,346,452,91
1612,625,219,1074,1530,351
1613,1776,1536,1312,543,1507
1614,324,1657,1679,712,1336
1615,12,1225,1360,872,1824
1616,1320,1667,414,1328,86
1617,641,782,1437,145,1190
1618,796,727,1660,392,1539
1619,349,1723,1594,1443,1718
1620,788,135,964,376,1660
1621,775,1900,527,652,738
1622,1719,1250,1571,212,537
1623,898,1099,307,405,1077
1624,808,1457,1611,749,612
1625,344,1417,882,751,1321
1626,365,556,356,243,825
1627,685,961,322,810,1259
1628,1894,448,1840,1438,1484
1629,904,1399,1492,1995,706
1630,1876,159,1426,1106,1932
1631,1038,1308,1009,1264,1356
1632,1996,88,1403,1348,283
1633,91,1563,1224,306,1016
1634,1868,1403,726,956,1205
1635,1123,209,1389,43,1909
1636,857,734,846,1478,1413
1637,1612,1527,1930,1498,1969
1638,166,869,141,1411,1065
1639,353,440,1879,8,1929
1640,1206,1223,479,1953,1409
1641,1602,408,265,399,793
1642,985,906,1268,592,1885
1643,929,315,1976,508,1577
1644,646,1491,620,1928,686
1645,367,1133,419,1292,1916
1646,915,1327,1285,631,1210
1647,614,549,522,1167,1164
1648,286,578,154,1561,236
1649,1395,661,173,841,432
1650,1443,575,1748,227,420
1651,1262,570,1665,301,1958
1652,358,1031,999,1628,1263
1653,989,735,1830,1900,760
1654,1118,1223,148,737,1309
1655,1741,1074,1144,1693,363
1656,1933,651,1376,441,902
1657,141,185,715,1746,1786
1658,1352,821,569,112,507
1659,787,1292,102,1630,211
1660,1261,1618,1899,1635,1617
1661,1674,566,542,102,140
1662,1448,1938,419,1497,468
1663,1266,203,1525,1370,1142
1664,1366,1063,765,1998,1127
1665,606,1939,904,1032,562
1666,544,1323,1635,1190,1302
1667,274,15,48,534,1211
1668,1078,168,1190,387,813
1669,223,673,1110,1325,200
1670,1511,391,1148,1183,1510
1671,477,1236,1488,295,875
1672,1317,1029,801,624,615
1673,1435,1055,1752,554,1814
1674,1227,1266,1573,1108,1900
1675,1255,1437,1796,4,1647
1676,729,1934,1663,176,1148
1677,1091,1981,934,328,630
1678,653,982,1502,80,389
1679,1504,1584,96,817,1883
1680,226,670,258,1088,208
1681,436,1979,1453,558,1922
1682,72,517,457,6,660
1683,1253,999,650,364,1456
1684,404,296,1237,1038,963
1685,917,22,1141,601,870
1686,1123,700,1653,1338,1153
1687,1044,1177,1753,1224,1895
1688,1574,1562,978,1193,911
1689,624,414,1355,49,1593
1690,1600,1368,983,576,1681
1691,1085,1951,1253,1762,421
1692,1018,970,592,1957,2
1693,870,1322,1573,496,1746
1694,1821,661,599,1256,741
1695,974,218,200,994,1216
1696,584,197,1020,688,806
1697,1967,630,17,1675,1401
1698,1497,1908,1361,1945,1112
1699,1337,1616,1934,391,1567
1700,1143,901,1459,1696,1997
1701,1504,1536,197,1327,709
1702,1642,994,696,902,1138
1703,1607,472,3,730,1060
1704,1659,459,759,1364,1787
1705,824,940,31,813,323
1706,859,1508,658,1920,1996
1707,775,1061,1904,1290,1259
1708,889,1184,1372,1960,418
1709,785,85,347,148,604
1710,1669,442,1743,508,1045
1711,211,1266,1847,1403,741
1712,1338,1858,336,405,819
1713,1087,1608,60,170,1751
1714,1153,1252,1820,1554,1304
1715,829,1353,491,867,550
1716,1608,1739,257,666,827
1717,343,487,130,64,1983
1718,1943,1822,1064,772,990
1719,989,1647,873,1704,690
1720,1968,960,565,658,887
1721,1159,352,1160,423,1027
1722,97,443,335,1325,611
1723,1986,366,676,308,185
1724,1423,1730,1147,1212,546
1725,1878,1566,1179,964,1906
1726,892,1104,1463,393,1342
1727,794,727,1213,1856,995
1728,470,1895,676,1256,1469
1729,992,1654,887,1594,1595
1730,1723,410,1940,184,1512
1731,1773,1331,1664,1931,1408
1732,702,1784,1111,517,760
1733,781,1835,409,1598,1230
1734,1978,1202,546,980,1948
1735,369,715,360,493,1949
1736,1288,1426,1724,1692,774
1737,1781,1884,1136,157,143
1738,1957,594,51,650,1203
1739,522,608,119,95,1133
1740,445,967,896,692,896
1741,803,1017,1561,1072,532
1742,904,1578,433,60,1761
1743,1017,1170,243,615,1580
1744,1626,587,79,899,394
1745,306,479,1719,1689,509
1746,1330,256,1667,930,1450
1747,1455,185,1926,1277,82
1748,661,1745,854,1513,278
1749,610,1226,319,300,1380
1750,153,1793,1073,1922,1436
1751,401,1827,1319,1986,139
1752,229,447,248,670,1238
1753,87,471,1304,1406,764
1754,841,1812,679,1611,1852
1755,40,589,1040,1334,3
1756,889,1267,230,1722,1500
1757,294,1980,1069,1412,1100
1758,808,1323,503,1647,559
1759,1422,1071,338,57,95
1760,1683,266,201,947,1617
1761,1637,1963,1289,1294,239
1762,1222,1522,1673,612,899
1763,1311,212,293,1716,1963
1764,971,1573,1810,656,1971
1765,1612,767,502,1397,1662
1766,968,1414,1752,852,1796
1767,622,1337,414,1786,1744
1768,553,1156,646,1770,1225
1769,813,1657,437,1050,1589
1770,712,428,30,889,1677
1771,534,711,904,34,1941
1772,295,1049,1845,428,1118
1773,184,30,555,899,455
1774,1224,1977,883,115,939
1775,44,846,741,1688,1103
1776,991,57,445,1028,1381
1777,636,1395,1210,1823,1538
1778,92,1945,1022,1802,611
1779,818,1765,1217,1109,1323
1780,446,104,1925,1702,1223
1781,1026,581,1554,1187,859
1782,1176,868,945,1589,58
1783,1250,59,1105,1595,1431
1784,595,456,327,351,1323
1785,347,1188,1376,339,64
1786,1831,1214,1360,873,1730
1787,1879,1881,364,612,1085
1788,1544,1564,1646,721,1255
1789,1968,1886,916,997,462
1790,676,1940,670,1052,1163
1791,1475,617,210,459,1726
1792,1079,935,701,212,1589
1793,349,1094,1370,714,446
1794,408,1334,1905,1523,982
1795,451,1018,681,250,354
1796,797,1260,616,1610,1419
1797,914,759,532,1125,160
1798,1801,629,970,374,990
1799,939,569,1065,1790,516
1800,84,39,100,290,1007
1801,129,1014,619,1294,1294
1802,1783,891,1471,378,54
1803,380,790,519,718,92
1804,319,858,1315,241,1789
1805,112,361,1700,1667,1161
1806,1243,1255,1584,683,1984
1807,1843,457,458,1848,364
1808,1839,1322,1488,572,1368
1809,1248,813,712,1621,656
1810,577,1947,1099,702,23
1811,1521,820,659,1536,11
1812,129,334,1148,288,1651
1813,1022,1477,1007,711,757
1814,1948,1887,136,1467,92
1815,32,1941,399,501,1362
1816,946,1690,38,1838,715
1817,933,1975,1633,1024,20
1818,1747,1776,443,606,1829
1819,115,1414,1700,1618,724
1820,305,815,94,1458,935
1821,789,157,681,233,42
1822,1721,442,769,1535,1024
1823,547,892,751,1189,1129
1824,1654,1300,184,1849,1874
1825,536,876,1002,246,1120
1826,743,229,1275,1019,1653
1827,750,1360,270,1064,28
1828,1027,1286,1218,498,1828
1829,1408,1395,577,748,1650
1830,1904,360,1980,770,69
1831,1727,1418,1275,44,163
1832,1995,1628,788,8,764
1833,431,394,967,1585,924
1834,1739,1937,1143,653,514
1835,1212,1053,494,834,1837
1836,504,1090,556,1656,941
1837,365,433,1831,900,121
1838,124,354,794,297,1837
1839,1254,807,202,1650,609
1840,1508,614,719,1248,1194
1841,417,1761,1951,15,588
1842,1240,2,1789,1427,13
1843,1127,1610,1950,948,1745
1844,616,960,53,577,1128
1845,22,258,19,1714,936
1846,1215,1995,1948,1712,1128
1847,1892,336,254,1833,1467
1848,111,724,630,1262,320
1849,475,1735,330,511,526
1850,1520,624,910,1394,1600
1851,1614,887,996,1824,575
1852,561,1989,1892,559,1124
1853,707,1597,1231,765,1985
1854,138,629,1955,1242,1930
1855,227,807,1434,907,677
1856,1114,76,855,1179,997
1857,1599,1143,195,98,476
1858,661,834,35,468,818
1859,1289,1676,123,1169,1856
1860,996,181,1932,577,1166
1861,1478,1970,959,787,1146
1862,1963,460,864,1196,455
1863,167,1878,1865,725,245
1864,1149,413,1541,177,1273
1865,637,33,1637,1166,1046
1866,1119,1050,1365,1308,140
1867,1444,757,164,795,1417
1868,912,538,1423,203,1624
1869,1605,518,1070,529,1695
1870,436,736,202,1271,739
1871,855,1391,1572,68,1640
1872,287,727,181,1831,560
1873,10,1603,1097,555,1359
1874,486,1858,1580,1965,1023
1875,1170,939,1651,790,278
1876,1842,1821,1351,48,661
1877,1389,833,469,182,933
1878,1876,535,1494,1473,1733
1879,1374,593,1139,1518,712
1880,1664,138,426,1389,1042
1881,819,929,21,69,131
1882,1024,769,532,436,1318
1883,284,1469,1066,77,1573
1884,221,751,989,400,1647
1885,942,1983,505,119,195
1886,1385,1125,289,1703,1209
1887,1361,1025,1608,1545,294
1888,988,785,960,1124,1570
1889,76,1183,328,669,408
1890,369,615,323,1062,1741
1891,1896,834,780,760,1774
1892,1909,1729,1138,842,467
1893,1309,1020,1450,833,1803
1894,1076,938,847,1012,1675
1895,767,470,244,442,1710
1896,1055,571,1542,1058,584
1897,754,1474,1066,1564,1041
1898,684,328,48,644,1081
1899,1761,1908,1714,1492,1065
1900,1914,184,1644,832,1225
1901,70,1129,1190,1416,516
1902,1684,1211,1098,116,1336
1903,657,533,338,741,1213
1904,1493,306,997,1016,282
1905,618,1543,1081,1921,1981
1906,721,128,1831,689,660
1907,1915,855,1973,786,1966
1908,1094,770,1650,1614,1989
1909,794,428,11,1981,1804
1910,1210,1712,1946,336,52
1911,1050,209,1983,1644,288
1912,1496,1782,752,1982,1831
1913,1992,1319,1653,416,827
1914,1813,360,521,1718,1612
1915,1809,587,1984,83,1784
1916,1471,1272,1908,1588,656
1917,711,707,128,499,160
1918,584,1661,1532,196,1696
1919,1814,1918,1803,354,624
1920,1722,1235,279,1550,1752
1921,1890,1306,222,332,395
1922,816,1364,759,1183,1638
1923,290,850,1528,1273,1112
1924,572,1628,18,845,1622
1925,575,715,577,1657,1213
1926,1618,688,1983,1869,1080
1927,1955,1542,502,1929,668
1928,1588,1133,1884,1773,1212
1929,1648,935,1253,1535,1929
1930,261,1705,1313,1166,614
1931,1396,1989,423,481,246
1932,1603,146,550,871,1568
1933,1187,1190,1278,1052,546
1934,854,1086,1183,1888,972
1935,1817,1149,651,491,1459
1936,691,816,910,563,573
1937,1078,286,604,532,1406
1938,584,1354,529,1454,94
1939,1457,1650,653,1147,602
1940,129,1846,1523,705,1964
1941,822,453,714,1735,117
1942,514,1578,1192,841,1212
1943,1196,1683,1310,1617,1936
1944,1398,1943,1129,142,301
1945,747,679,69,964,712
1946,164,1973,633,1615,1356
1947,1291,1789,311,1328,688
1948,972,807,1693,1641,1015
1949,48,939,1670,1741,632
1950,1085,678,1773,389,1332
1951,1254,14,276,480,1352
1952,534,340,1044,391,216
1953,1197,1188,972,616,1168
1954,1704,1305,94,1673,596
1955,1430,1445,621,1596,1472
1956,1236,1304,290,1699,1789
1957,21,1030,1974,166,1661
1958,502,802,798,1513,671
1959,1105,1302,1540,560,96
1960,759,1340,1547,1154,1998
1961,544,1300,414,529,184
1962,1046,154,1069,1089,1349
1963,1427,1001,1622,1485,334
1964,809,1849,954,19,654
1965,1959,190,1998,1834,1448
1966,1524,1113,1085,1630,1382
1967,1759,1694,1977,552,396
1968,1158,239,978,396,1078
1969,322,547,550,739,849
1970,894,360,983,145,579
1971,1795,1867,1999,1265,1421
1972,4,1080,437,1079,898
1973,897,99,1201,1642,854
1974,1357,1563,1973,1503,1789
1975,1815,1033,1300,434,1545
1976,1993,697,913,1927,1712
1977,1116,1404,1497,610,1830
1978,1789,33,832,343,1077
1979,199,1571,1387,1335,1602
1980,1260,1890,3,988,1895
1981,130,1344,173,720,102
1982,1637,1916,751,385,600
1983,862,1860,855,934,1065
1984,665,107,1836,349,1745
1985,1064,1852,179,1615,1120
1986,665,83,1170,1291,57
1987,29,424,1755,1883,1569
1988,1345,369,1332,453,687
1989,1042,1411,605,795,528
1990,250,101,1935,379,268
1991,695,1,475,64,770
1992,705,31,912,1331,87
1993,244,1139,455,1282,186
1994,46,107,1742,793,1270
1995,863,874,316,2,1455
1996,1953,687,1286,469,1184
1997,1507,88,1587,97,591
1998,1616,1804,1383,1069,910
1999,753,696,1041,81,1683
